sha,message,author,date,additions,deletions,total_changes,files_changed,hour,day_of_week,message_length,has_fix_word,has_urgent_word,large_commit,multi_file_commit,label,author_experience,is_new_contributor,time_since_last_commit,is_late_night,change_spike,core_code_ratio
beae1249f7e580779ae18d2d831f7ec51e5aff98,add `exclude-patterns` option to `flask run`,Mickaël Guérin,2021-07-06 11:32:45+00:00,33,1,34,3,11,1,44,0,0,1,1,0,1,1,0.0,0,1,0.3333333333333333
751d85f3de3f726446bb12e4ddfae885a6645ba1,cli: use importlib.metadata instead of pkg_resources,K900,2022-01-17 16:11:24+00:00,15,6,21,3,16,0,52,0,0,1,1,0,1,1,16864719.0,0,1,0.6666666666666666
9a134da31bafc12d31f75474a4b354c80545b9b5,Match typing declaration with implementation.,Stefane Fermigier,2022-01-27 10:43:42+00:00,2,1,3,1,10,3,45,0,0,0,0,0,1,1,844338.0,0,1,1.0
436c7afc83845ce18d2a8e1bda8f4f48917584a2,"[pre-commit.ci] pre-commit autoupdate

updates:
- [github.com/asottile/reorder_python_imports: v2.6.0 → v2.7.1](https://github.com/asottile/reorder_python_imports/compare/v2.6.0...v2.7.1)
- [github.com/psf/black: 21.12b0 → 22.1.0](https://github.com/psf/black/compare/21.12b0...22.1.0)",pre-commit-ci[bot],2022-02-07 21:19:46+00:00,2,2,4,1,21,0,285,0,0,0,0,0,23,0,988564.0,0,1,0.0
528db86f8555a8404bf2db72fa4275449a3cd6b4,"Merge pull request #4442 from pallets/pre-commit-ci-update-config

[pre-commit.ci] pre-commit autoupdate",David Lord,2022-02-08 15:39:59+00:00,2,2,4,1,15,1,104,0,0,0,0,0,779,0,66013.0,0,0,0.0
17c46b2ddd8b5111369cdc68d5e0e46e9aa46ade,"Merge pull request #4420 from K900/main

cli: use importlib.metadata instead of pkg_resources",David Lord,2022-02-08 18:24:57+00:00,15,6,21,3,18,1,93,0,0,1,1,0,779,0,9898.0,0,0,0.6666666666666666
694eb84f414436fc88f2ef757aea8ed8360500f3,reword changelog for importlib.resources,David Lord,2022-02-08 18:26:21+00:00,2,2,4,1,18,1,40,0,0,0,0,0,779,0,84.0,0,0,0.0
bc094dbe6a15eebec6d1704fb16c6c74d0250b0e,"Merge pull request #4432 from sfermigier/main

Match typing declaration with implementation.",David Lord,2022-02-08 18:27:11+00:00,2,1,3,1,18,1,92,0,0,0,0,0,779,0,50.0,0,0,1.0
6f7d99ce4b7dc2bad52683e64fec7008dd0b580f,use pip-compile-multi for requirements,David Lord,2022-02-08 20:05:05+00:00,46,144,190,9,20,1,38,0,0,1,1,0,779,0,5874.0,0,1,0.0
426a1e25b77e760b4f54bf94aee3e3617850569f,fix pytest 7 warnings,David Lord,2022-02-08 20:05:17+00:00,16,4,20,2,20,1,21,1,0,1,1,0,779,0,12.0,0,0,1.0
925674761e9893dae96d8c2ff226a4cf47a21ba8,cache pip with setup-python action,David Lord,2022-02-08 20:08:19+00:00,2,8,10,1,20,1,34,0,0,0,0,1,779,0,182.0,0,0,0.0
1fd86547193a1ed39bb0cabb927fc1a719ce3009,"stop using dependabot for python, too noisy",David Lord,2022-02-08 20:09:22+00:00,0,10,10,1,20,1,43,0,0,0,0,1,779,0,63.0,0,0,0.0
d6496c8e290adfded887e72083817de2693cdbe2,"Merge pull request #4443 from pallets/update-requirements

update requirements, stop using dependabot",David Lord,2022-02-08 20:36:55+00:00,64,166,230,13,20,1,101,0,0,1,1,1,779,0,1653.0,0,1,0.15384615384615385
e37e87140e29b4ae5bc4024bd0305541e0ed9457,Merge branch '2.0.x',David Lord,2022-02-09 15:37:43+00:00,221,180,401,23,15,2,20,0,0,1,1,0,779,0,68448.0,0,1,0.08695652173913043
7c5f17a55e8cd233db17f4944a482cc497a6e7c6,update requirements,David Lord,2022-02-09 15:39:33+00:00,10,6,16,3,15,2,19,0,0,1,1,0,779,0,110.0,0,0,0.0
1be65b1b699b0512e3b38e3e05d42d083cfd12f1,overriding FlaskClient.open works with redirects,David Lord,2022-02-09 19:13:03+00:00,33,30,63,2,19,2,48,0,0,1,1,0,779,0,12810.0,0,0,0.5
e06dad62f6b49dff935f241114b3590774e2786a,"Merge pull request #4445 from pallets/override-redirect

overriding FlaskClient.open works with redirects",David Lord,2022-02-09 19:39:48+00:00,33,30,63,2,19,2,105,0,0,1,1,0,779,0,1605.0,0,0,0.5
48ee204dd5bdc47f397553fb45b5fe37003c07d1,"Merge pull request #4189 from mgu/feat/use-exclude-patterns-reloader

Add `exclude-patterns` option to `flask run` CLI",David Lord,2022-02-09 20:53:19+00:00,33,1,34,3,20,2,118,0,0,1,1,0,779,0,4411.0,0,0,0.3333333333333333
761d7e165244709221888827cec764d8f3a3d21a,rewrite testing docs,David Lord,2022-02-13 21:57:33+00:00,226,370,596,2,21,6,20,0,0,1,1,0,779,0,349454.0,0,1,0.0
c15f74cea6ff2ab09881fea4118709ecda11972c,"Merge pull request #4448 from pallets/testing-docs

rewrite testing docs",David Lord,2022-02-13 22:09:07+00:00,226,370,596,2,22,6,72,0,0,1,1,0,779,0,694.0,1,1,0.0
6f6e3289da182593fb296da072049ade729adeea,remove javascript fetch polyfill,David Lord,2022-02-14 18:33:25+00:00,22,24,46,7,18,0,32,0,0,1,1,0,779,0,73458.0,0,0,0.2857142857142857
702d973b1f55326526d764e3668900383ad8f4ef,release version 2.0.3,David Lord,2022-02-14 19:34:37+00:00,2,2,4,2,19,0,21,0,0,0,1,0,779,0,3672.0,0,0,0.5
ef557b3ff2602b9956a2f3ac02c6e134c529fccc,"Merge pull request #4449 from pallets/release-2.0.3

release version 2.0.3",David Lord,2022-02-14 19:46:23+00:00,2,2,4,2,19,0,74,0,0,0,1,0,779,0,706.0,0,0,0.5
b6a8ccd2cf65939401fe4ccb6b550d2b19423b06,Merge branch '2.0.x',David Lord,2022-02-14 20:06:57+00:00,227,371,598,3,20,0,20,0,0,1,1,0,779,0,1234.0,0,1,0.0
6f79cb8a23467aa01f94f6ad53790f468ba77c76,Fix typing on `app.session_interface`,Colin Adams,2022-02-17 05:12:01+00:00,2,1,3,1,5,3,37,1,0,0,0,0,1,1,205504.0,1,0,1.0
ad13dbc826a23d3ce53e50944a15b1e2bc168abd,pin setuptools for reorder_python_imports,David Lord,2022-02-18 00:26:06+00:00,1,0,1,1,0,4,41,0,0,0,0,1,779,0,69245.0,1,0,0.0
642ca6ea687d8631eac8dce9e060e41d2738ca48,Merge branch '2.0.x',David Lord,2022-02-18 00:26:16+00:00,1,0,1,1,0,4,20,0,0,0,0,1,779,0,10.0,1,0,0.0
3897a518014931a82c77a353e1e9c2248529b856,"Merge pull request #4454 from colincadams/patch-3

Fix typing on `Flask.session_interface`",David Lord,2022-02-19 15:12:40+00:00,2,1,3,1,15,5,90,1,0,0,0,1,779,0,139584.0,0,0,1.0
aa13521d42bfdb66bb0d89005cbe54a84eaa4fda,lazy loading preserves click context,David Lord,2022-02-23 03:04:03+00:00,11,0,11,2,3,2,36,0,0,0,1,1,779,0,301883.0,1,1,0.5
4843590c4a7f2225fd18bd10963139a6f29a2a59,"Merge pull request #4461 from pallets/cli-lazy-context

lazy loading preserves click context",David Lord,2022-02-23 03:13:29+00:00,11,0,11,2,3,2,92,0,0,0,1,1,779,0,566.0,1,1,0.5
7dc26a1f4188f6cb410fb1335cc933cc8f3c9943,"Bump actions/setup-python from 2 to 3

Bumps [actions/setup-python](https://github.com/actions/setup-python) from 2 to 3.
- [Release notes](https://github.com/actions/setup-python/releases)
- [Commits](https://github.com/actions/setup-python/compare/v2...v3)

---
updated-dependencies:
- dependency-name: actions/setup-python
  dependency-type: direct:production
  update-type: version-update:semver-major
...

Signed-off-by: dependabot[bot] <support@github.com>",dependabot[bot],2022-03-01 16:04:16+00:00,1,1,2,1,16,1,462,0,0,0,0,1,42,0,564647.0,0,0,0.0
8122973f8a04976bd7f9104eee5d8d36c0d02038,"Merge pull request #4473 from pallets/dependabot/github_actions/actions/setup-python-3

Bump actions/setup-python from 2 to 3",David Lord,2022-03-01 16:49:14+00:00,1,1,2,1,16,1,125,0,0,0,0,0,779,0,2698.0,0,0,0.0
af34b8c9e7adbf0b060738fee12f04c1e46a98fd,Add better types for app decorators,Tushar Sadhwani,2022-03-08 14:43:30+00:00,13,8,21,1,14,1,35,0,0,1,0,0,1,1,597256.0,0,1,1.0
b655a9db30d8e78d2fe1044d6301a432f214a16b,"Merge pull request #4477 from tusharsadhwani/decorator-types

Add better types for app decorators",David Lord,2022-03-08 14:50:25+00:00,13,8,21,1,14,1,97,0,0,1,0,0,779,0,415.0,0,0,1.0
08a283af5efc999d4f1e29275317a5c0c05c6f7b,"Allow loading of environment variables into the config

This new method will pick out any environment variables with a certain
prefix and place them into the config named without the prefix. This
makes it easy to use environment variables to configure the app as is
now more popular than when Flask started.

The prefix should ensure that the environment isn't polluted and the
config isn't polluted by environment variables.

I've followed the dynaconf convention of trying to parse the
environment variable and then falling back to the raw value if parsing
fails.",pgjones,2022-03-08 21:40:48+00:00,94,23,117,3,21,1,565,1,0,1,1,1,22,0,24623.0,0,1,0.6666666666666666
b707bf443afe856b77e09b7a41592f10d46e02df,"Preserve HttpOnly flag when deleting session cookie

fixes #4485",uedvt359,2022-03-15 09:22:38+00:00,9,2,11,2,9,1,64,1,0,0,1,0,1,1,560510.0,0,0,0.5
0ef1e65f6ab0da680d171d49e1a56a2b0ecee05d,"Merge pull request #4486 from uedvt359/pr-deletecookie

Preserve HttpOnly flag when deleting session cookie",David Lord,2022-03-15 13:38:35+00:00,9,2,11,2,13,1,107,0,0,0,1,1,779,0,15357.0,0,0,0.5
88863288225d5ee13a79c463f2a39391b6a52c61,relax errorhandler function arg type,David Lord,2022-03-15 14:35:59+00:00,19,27,46,5,14,1,36,1,0,1,1,1,779,0,3444.0,0,0,0.8
190dd4df86874495f56bb088fbd0cb1d9f0e77a0,don't use AnyStr for ResponseValue type,David Lord,2022-03-15 14:36:21+00:00,15,9,24,3,14,1,39,0,0,1,1,1,779,0,22.0,0,0,1.0
cb7cd1e79b280d3fd80978ca82ae52881525a476,"Merge pull request #4487 from pallets/typing-errorhandler

relax `errorhandler` function arg type",David Lord,2022-03-15 15:36:16+00:00,34,36,70,6,15,1,97,1,0,1,1,1,779,0,3595.0,0,1,0.8333333333333334
faaa5594b2406260c3e4197fa6e80c3d19b6ab23,accurate type for __exit__,David Lord,2022-03-15 15:44:09+00:00,14,3,17,3,15,1,26,0,0,1,1,1,779,0,473.0,0,0,0.6666666666666666
7abcf57f544e3bd29c4f22a10907f976f7e056ea,"Merge pull request #4488 from pallets/typing-context-exit

accurate type for `__exit__`",David Lord,2022-03-15 15:48:47+00:00,14,3,17,3,15,1,87,0,0,1,1,1,779,0,278.0,0,0,0.6666666666666666
d80f41f57dbae28c784fde0fc829807cc2ab4a76,Update errorhandling.rst,octopoulpe,2022-03-22 09:29:00+00:00,1,1,2,1,9,1,24,1,0,0,0,1,1,1,582013.0,0,0,0.0
598afa0083add33a088c58183924a370be6635d5,Merge pull request #4491 from octopoulpe/patch-1,David Lord,2022-03-22 13:46:52+00:00,1,1,2,1,13,1,48,1,0,0,0,1,779,0,15472.0,0,0,0.0
c9a1f7ad6545c9cc27c41c385f1d4cd9c7cf1a98,"don't intercept 307/308 routing redirects

These don't change the request body, so the debug error is no longer relevant.",David Lord,2022-03-23 15:25:22+00:00,44,35,79,3,15,2,121,1,0,1,1,1,779,0,92310.0,0,1,1.0
0a300d007d3a5ef902e0b3c91f6189267fbed182,better replacement of original form KeyError,David Lord,2022-03-23 15:25:58+00:00,10,6,16,2,15,2,44,1,0,1,1,1,779,0,36.0,0,0,1.0
6578b493c8c8d5d9b4135cb964dbbc43318cfb12,better override for json BadRequest error,David Lord,2022-03-23 15:26:46+00:00,7,5,12,1,15,2,41,1,0,1,0,1,779,0,48.0,0,0,1.0
ce7b884b73621b59ba184aa89b67d5c5780f50eb,"Merge pull request #4492 from pallets/debug-messages

update some debug message behavior",David Lord,2022-03-23 16:18:20+00:00,61,46,107,4,16,2,88,1,0,1,1,1,779,0,3094.0,0,1,1.0
4eb5e9455b2a8f15f3dc5065a47f8e43ac47e539,"more from_prefixed_env features

* support nested dict access with ""__"" separator
* don't specify separator in prefix
* catch exceptions for any loads function",David Lord,2022-03-25 18:00:32+00:00,136,62,198,4,18,4,159,1,0,1,1,1,779,0,178932.0,0,1,0.5
81c7ff7f8db09b5d609a09722785f70ec6f7af68,update tests for relative redirects,David Lord,2022-03-25 18:48:26+00:00,20,9,29,6,18,4,35,0,0,1,1,1,779,0,2874.0,0,0,0.6666666666666666
425a62686f094de236a5a9eb1d6885de4730efa5,"Merge pull request #4496 from pallets/werkzeug-relative-redirect

update tests to use relative redirects",David Lord,2022-03-25 18:53:03+00:00,20,9,29,6,18,4,104,0,0,1,1,1,779,0,277.0,0,0,0.6666666666666666
e75d575361841404e0b1f89c19dc7de6b325cc67,windows env vars are uppercase,David Lord,2022-03-25 19:05:07+00:00,24,9,33,2,19,4,30,0,0,1,1,1,779,0,724.0,0,0,0.5
2f5a2ab82ee17f5e14b8ecf0a4b3b07ceafeee98,"Merge pull request #4479 from pgjones/env_config

Allow loading of environment variables into the config",David Lord,2022-03-25 19:14:29+00:00,190,30,220,4,19,4,104,0,0,1,1,1,779,0,562.0,0,1,0.5
41aaaf7fa07f28ef15fd1d343142e96440889a8b,clean up unused function from prefixed_env pr,David Lord,2022-03-25 19:24:31+00:00,0,7,7,1,19,4,45,1,0,0,0,1,779,0,602.0,0,0,1.0
7d264d7dc5b3e057319d43ef0897709f4c78f1ef,release version 2.1.0,David Lord,2022-03-28 18:05:58+00:00,2,2,4,2,18,0,21,0,0,0,1,1,779,0,254487.0,0,0,0.5
cd4ab005a92ff996e9104c92017fe1e6daeccd46,fix typing,David Lord,2022-03-28 18:39:24+00:00,1,1,2,1,18,0,10,1,0,0,0,1,779,0,2006.0,0,0,1.0
f5ed54b0318815e4500e72a56173c3b14a532a41,"ignore examples tests

causing an unexpected failure in CI",David Lord,2022-03-28 19:09:20+00:00,4,3,7,1,19,0,58,0,0,0,0,1,779,0,1796.0,0,0,0.0
65b0eef303dfec6b7baa66ff34253e0285e1c3bf,"Merge pull request #4500 from pallets/release-2.1.0

release version 2.1.0",David Lord,2022-03-28 19:12:02+00:00,7,6,13,4,19,0,74,0,0,1,1,1,779,0,162.0,0,0,0.5
b109b092a95036de875246f05cdc377a2c7faab8,start version 2.2.0,David Lord,2022-03-28 19:17:25+00:00,7,1,8,2,19,0,19,0,0,0,1,0,779,0,323.0,0,0,0.5
5589915b383a6f53e92f3822c982cce3c4083456,start version 2.1.1,David Lord,2022-03-30 21:01:10+00:00,7,1,8,2,21,2,19,0,0,0,1,0,779,0,179025.0,0,0,0.5
d023d943715f193e78413280e10d101f39501748,set importlib_metadata minimum version,David Lord,2022-03-30 21:10:12+00:00,4,1,5,2,21,2,38,0,0,0,1,0,779,0,542.0,0,0,0.5
c3d0880e72dfda76734bfddadf20cfee94b148c2,"Merge pull request #4509 from pallets/importlib_metadata-min-version

set importlib_metadata minimum version",David Lord,2022-03-30 21:23:02+00:00,4,1,5,2,21,2,108,0,0,0,1,0,779,0,770.0,0,0,0.5
c419931f555c80b07b518944fc7004f6cb75b8e1,release version 2.1.1,David Lord,2022-03-30 21:28:18+00:00,1,1,2,1,21,2,21,0,0,0,0,0,779,0,316.0,0,0,0.0
a8f4ee1b66cfede1e596aef089850fad073e1775,"Merge pull request #4510 from pallets/release-2.1.1

release version 2.1.1",David Lord,2022-03-30 21:33:50+00:00,1,1,2,1,21,2,74,0,0,0,0,0,779,0,332.0,0,0,0.0
c6f297719e43380011e76ad6d070b7a27d4d1dce,release version 2.1.1,David Lord,2022-03-30 21:35:07+00:00,1,1,2,1,21,2,21,0,0,0,0,0,779,0,77.0,0,0,1.0
188bd17ff1f3e1d9c9ddd015c8765280e95ffb83,"Merge pull request #4511 from pallets/release-2.1.1

release version 2.1.1",David Lord,2022-03-30 21:37:30+00:00,1,1,2,1,21,2,74,0,0,0,0,0,779,0,143.0,0,0,1.0
45fc77d9266cd8101b2ab1e0487053db27b57ec2,Merge branch '2.1.x',David Lord,2022-03-30 21:39:31+00:00,10,1,11,2,21,2,20,0,0,0,1,0,779,0,121.0,0,1,0.5
9f4f559f5946306b190a0195baf2700851a9eb36,"Bump actions/checkout from 2 to 3

Bumps [actions/checkout](https://github.com/actions/checkout) from 2 to 3.
- [Release notes](https://github.com/actions/checkout/releases)
- [Changelog](https://github.com/actions/checkout/blob/main/CHANGELOG.md)
- [Commits](https://github.com/actions/checkout/compare/v2...v3)

---
updated-dependencies:
- dependency-name: actions/checkout
  dependency-type: direct:production
  update-type: version-update:semver-major
...

Signed-off-by: dependabot[bot] <support@github.com>",dependabot[bot],2022-04-01 16:04:08+00:00,1,1,2,1,16,4,512,0,0,0,0,0,42,0,152677.0,0,0,0.0
f70abe634a7a058ce35b11893002a97085515b6f,"Merge pull request #4515 from pallets/dependabot/github_actions/actions/checkout-3

Bump actions/checkout from 2 to 3",David Lord,2022-04-01 16:08:47+00:00,1,1,2,1,16,4,117,0,0,0,0,0,779,0,279.0,0,0,0.0
26555a85f188e5557897b08c8421706084843088,update requirements,David Lord,2022-04-01 20:44:13+00:00,25,25,50,5,20,4,19,0,0,1,1,0,779,0,16526.0,0,1,0.0
0d4e71bfe127707ce8a3ede976a637db1cee74b0,"Merge pull request #4517 from pallets/update-requirements

update requirements",David Lord,2022-04-01 20:54:39+00:00,25,25,50,5,20,4,78,0,0,1,1,0,779,0,626.0,0,1,0.0
f59574f61198f139616868393db8785bcf9e0fdf,Merge branch '2.1.x',David Lord,2022-04-01 20:55:05+00:00,25,25,50,5,20,4,20,0,0,1,1,0,779,0,26.0,0,0,0.0
50bf3bba7354275bbfe3f8a4fc9ce1fec3b71404,"[pre-commit.ci] pre-commit autoupdate

updates:
- [github.com/asottile/pyupgrade: v2.31.0 → v2.31.1](https://github.com/asottile/pyupgrade/compare/v2.31.0...v2.31.1)
- [github.com/asottile/reorder_python_imports: v2.7.1 → v3.0.1](https://github.com/asottile/reorder_python_imports/compare/v2.7.1...v3.0.1)
- [github.com/psf/black: 22.1.0 → 22.3.0](https://github.com/psf/black/compare/22.1.0...22.3.0)
- [github.com/peterdemin/pip-compile-multi: v2.4.3 → v2.4.5](https://github.com/peterdemin/pip-compile-multi/compare/v2.4.3...v2.4.5)",pre-commit-ci[bot],2022-04-04 20:25:57+00:00,1,1,2,1,20,0,535,0,0,0,0,0,23,0,257452.0,0,0,0.0
e3c014f9aa566c83efd482ce1cd0e5e25cdb6cf2,"docs ""Returning API Errors as JSON"" return correct status code",LarsMoons,2022-04-08 15:45:44+00:00,1,1,2,1,15,4,62,1,0,0,0,0,1,1,328787.0,0,0,0.0
19d7a0ef78f1f8a05f7be5f0e8d2192fd1d5e5e8,docs pass cli args as kwarg to test runner,MeViMo,2022-04-08 16:29:42+00:00,2,2,4,1,16,4,42,0,0,0,0,1,2,1,2638.0,0,0,0.0
56414782ca6c109f4c7c9d26418bf444468316db,pre-commit update branch,David Lord,2022-04-08 17:53:28+00:00,1,1,2,1,17,4,24,0,0,0,0,0,779,0,5026.0,0,0,0.0
b9729a08796eebc57ed658c9c05ea8b6374fc2c2,"Merge pull request #4518 from pallets/pre-commit-ci-update-config

[pre-commit.ci] pre-commit autoupdate",David Lord,2022-04-08 17:56:25+00:00,2,2,4,1,17,4,104,0,0,0,0,0,779,0,177.0,0,0,0.0
5c0b9a6af334dcbb2814f4e004be2b2c8a389363,Merge pull request #4526 from lbm98/docfix,David Lord,2022-04-08 18:02:45+00:00,1,1,2,1,18,4,42,1,0,0,0,1,779,0,380.0,0,0,0.0
5334e28f6e107e1b021bc9655e9a308c80826593,Merge pull request #4527 from MeViMo/main,David Lord,2022-04-08 18:05:19+00:00,2,2,4,1,18,4,41,0,0,0,0,1,779,0,154.0,0,0,0.0
a03719b01076a5bfdc2c8f4024eda7b874614bc1,Merge branch '2.1.x',David Lord,2022-04-08 18:06:32+00:00,5,5,10,3,18,4,20,0,0,0,1,1,779,0,73.0,0,1,0.0
411dbb37e2e37943b6282365049c2a8cee4ac9e6,remove old test,David Lord,2022-04-11 13:11:37+00:00,0,10,10,1,13,0,15,0,0,0,0,0,779,0,241505.0,0,0,1.0
eede1a3685e21deaeb6686e9de9b76a73b6a510c,fix annotation for json.loads,Rafael Zimmer,2022-04-12 16:17:24+00:00,8,1,9,2,16,1,29,1,0,0,1,1,1,1,97547.0,0,0,0.5
4dd14ed039aaab5edb50758edeaf0aacab3d1e5b,Syntax error in testing.rst,MeViMo,2022-04-13 16:49:51+00:00,3,3,6,1,16,2,27,1,0,0,0,0,2,1,88347.0,0,0,0.0
2b8b47817a981b97a233420b5214f6ff9e771c35,"Merge pull request #4537 from MeViMo/2.1.x

Syntax error in testing.rst",David Lord,2022-04-13 17:03:22+00:00,3,3,6,1,17,2,71,1,0,0,0,1,779,0,811.0,0,0,0.0
5050a18a0057df4cda6f6b00483d12d29cb59239,evaluate --cert before --key,James Warne,2022-04-18 12:52:01+00:00,11,1,12,3,12,0,28,0,0,1,1,1,1,1,416919.0,0,0,0.6666666666666666
69f71b4d94006678a2463f76a4504208d195c367,start version 2.1.2,David Lord,2022-04-24 16:50:55+00:00,7,1,8,2,16,6,19,0,0,0,1,1,779,0,532734.0,0,0,0.5
dba2be9311d2abfd1b973c6bb578f416ee771fda,"Merge pull request #4534 from rzimmerdev/main

Adapted input parameters type restriction for json.loads function - fixes #4519",David Lord,2022-04-24 16:58:01+00:00,8,1,9,2,16,6,126,1,0,0,1,1,779,0,426.0,0,0,0.5
2ec11930951d91dfa9cf02ad80a7da33b9b919b6,Merge pull request #4544 from bebleo/mark_run_cert_option_eager,David Lord,2022-04-24 17:07:31+00:00,11,1,12,3,17,6,63,0,0,1,1,1,779,0,570.0,0,0,0.6666666666666666
cb4f7425435c39a85c3ed17e395677597d9aaf31,Merge branch '2.1.x',David Lord,2022-04-24 17:14:53+00:00,28,15,43,5,17,6,20,0,0,1,1,1,779,0,442.0,0,1,0.6
c395b13f9e9a691c6b23c68d5687ff052b7ada7e,update requirements,David Lord,2022-04-24 17:19:58+00:00,17,17,34,5,17,6,19,0,0,1,1,0,779,0,305.0,0,0,0.0
2b0b77cc1acb7381e990b17c881cb426c9ac75f5,Merge branch '2.1.x',David Lord,2022-04-24 17:20:07+00:00,17,17,34,5,17,6,20,0,0,1,1,0,779,0,9.0,0,0,0.0
3fd24c1f6fa2b3a5b68fb87b0fc3453a352340e5,Fix copy/paste error in wsgi-standalone.rst,Bo Bayles,2022-04-25 15:28:36+00:00,1,1,2,1,15,0,43,1,0,0,0,0,1,1,79709.0,0,0,0.0
ff6290d4c75d4d295a0ba28f2f0c417f7374eb0c,Merge pull request #4551 from bbayles/patch-1,David Lord,2022-04-25 16:03:29+00:00,1,1,2,1,16,0,45,1,0,0,0,1,779,0,2093.0,0,0,0.0
ef7d01f0a03be512b22d2a28b5a4229fdc87ea9a,update requirements,David Lord,2022-04-28 15:59:40+00:00,4,4,8,3,15,3,19,0,0,0,1,1,779,0,258971.0,0,0,0.0
918fc07dd95224f990c2f01ea301e8e581fefc7f,Merge branch '2.1.x',David Lord,2022-04-28 15:59:47+00:00,5,5,10,4,15,3,20,0,0,0,1,1,779,0,7.0,0,0,0.0
ef6c2b9e4aee74098a1208b42ce432d7c82fc0d3,clean up pytest.raises tests,David Lord,2022-04-28 16:32:31+00:00,25,22,47,4,16,3,28,0,0,1,1,1,779,0,1964.0,0,1,1.0
a0bb10b8d299c446559b6f95dd599230edc457ac,"Merge pull request #4555 from pallets/pytest_raises_cleanup

clean up `pytest.raises` tests",David Lord,2022-04-28 16:35:49+00:00,25,22,47,4,16,3,91,0,0,1,1,0,779,0,198.0,0,1,1.0
7b28a9057d6925ae408ef73a9f28e9906d9300b3,release version 2.1.2,David Lord,2022-04-28 17:44:02+00:00,2,2,4,2,17,3,21,0,0,0,1,0,779,0,4093.0,0,0,0.5
50374e3cfe815acd24fd390c861561a0dd17bfbb,"Merge pull request #4558 from pallets/release-2.1.2

release version 2.1.2",David Lord,2022-04-28 17:46:41+00:00,2,2,4,2,17,3,74,0,0,0,1,0,779,0,159.0,0,0,0.5
f976d5bb88216e921a96998f767df31d7039e4ef,Merge branch '2.1.x',David Lord,2022-04-28 17:48:05+00:00,26,23,49,5,17,3,20,0,0,1,1,0,779,0,84.0,0,0,0.8
1e5dd430223369d13ea94ffffe22bca53a98e730,"refactor error checks in register_error_handler

Co-authored-by: David Lord <davidism@gmail.com>",Qingpeng Li,2022-04-28 17:49:23+00:00,42,37,79,4,17,3,96,1,0,1,1,0,1,1,78.0,0,1,0.75
a74e266474f0981e9fc0d54d5dc430386823e4d7,skip coverage for TYPE_CHECKING,Stanislav Bushuev,2022-05-02 12:42:23+00:00,13,13,26,13,12,0,31,0,0,1,1,1,2,1,327180.0,0,0,1.0
8ddbad9ccdc176b9d57a4aff0076c1c58c455318,"Fix linting error.

Suppress mypy.

Suppress mypy error.

Suppress mypy error.",DailyDreaming,2022-05-02 14:46:09+00:00,8,1,9,1,14,0,78,1,0,0,0,0,1,1,7426.0,0,0,1.0
eb5dd9f5ef255c578cbbe13c1cb4dd11389d5519,add aborter object to app,dzcode,2022-05-02 16:16:12+00:00,92,1,93,5,16,0,25,0,0,1,1,1,1,1,5403.0,0,0,0.8
a0aa8de6bc0d6da74707cb4d0c89bfc99e20c98f,Merge pull request #4572 from DailyDreaming/linting,David Lord,2022-05-02 16:29:38+00:00,8,1,9,1,16,0,51,0,0,0,0,1,779,0,806.0,0,0,1.0
fdab801fbbd9de5adbdb3320ca4a1cb116c892f5,add redirect method to app,Tim Hoagland,2022-05-02 16:44:15+00:00,55,1,56,5,16,0,26,0,0,1,1,0,1,1,877.0,0,0,0.8
eb36135cfe6a17350617e47b70b9ad383206eded,always warn on blueprint setupmethod after registration,Chris Hallacy,2022-05-02 17:33:29+00:00,11,5,16,3,17,0,55,0,0,1,1,0,1,1,2954.0,0,0,0.6666666666666666
9158d3b0b8c282e6d8580b76fb5098002d4ec0d4,remove tab directive,Maria Andrea Vignau,2022-05-02 17:58:24+00:00,8,9,17,1,17,0,20,0,0,1,0,1,1,1,1495.0,0,0,0.0
2482cd4f53985436936b13533c1bcd0b09930768,"Merge pull request #4578 from marian-vignau/Remove-Tab-directive-on-Contributing.rst

Remove tab directive on contributing.rst",David Lord,2022-05-02 18:11:56+00:00,8,9,17,1,18,0,126,0,0,1,0,1,779,0,812.0,0,0,0.0
8c6f1d96ded2a22429b1ee7da6c3870cb140b587,add example code for testing typing tools,lecovi,2022-05-02 18:22:08+00:00,53,0,53,1,18,0,41,0,0,1,0,0,2,1,612.0,0,0,1.0
92acd05d9bd33419ab885e4472b28a1d5cc15d2e,add url_for method to app,Ivan Sushkov,2022-05-02 18:29:55+00:00,46,37,83,2,18,0,25,0,0,1,1,0,1,1,467.0,0,1,1.0
9252be9c9ebe46dd6415b24999a869ed87eace57,docs: new configuration format for celery,lecovi,2022-05-02 20:28:23+00:00,15,11,26,1,20,0,41,0,0,1,0,0,2,1,7108.0,0,0,0.0
127df57a06ec7b1a8b698206b1bdefc93248de5a,Merge pull request #4560 from qingpeng9802/fix-old-behavior,David Lord,2022-05-03 17:56:11+00:00,42,37,79,4,17,1,59,1,0,1,1,1,779,0,77268.0,0,0,0.75
bd56d19b167822a9a23e2e9e2a07ccccc36baa8d,Merge pull request #4566 from citramon/improve_coverage,David Lord,2022-05-03 18:17:03+00:00,13,13,26,13,18,1,55,0,0,1,1,1,779,0,1252.0,0,0,1.0
11195f10838d84df0c5ab7158a99bbb94e34fc5a,"remove outdated dotenv docs

The CLI does not change the working directory when loading a dotenv file.",David Lord,2022-05-04 13:03:31+00:00,1,3,4,1,13,2,102,0,0,0,0,1,779,0,67588.0,0,0,0.0
587a49c1bfbe54deb8b0f3324f43c626e537c471,"Merge pull request #4585 from pallets/docs-cli-cwd

remove outdated dotenv docs",David Lord,2022-05-04 13:07:40+00:00,1,3,4,1,13,2,79,0,0,0,0,0,779,0,249.0,0,0,0.0
410a324ec43ca2793a0413d3cd32ca45311e3ff5,remove becomingbig.rst,Luis Palacios,2022-05-10 05:22:16+00:00,4,112,116,5,5,1,22,0,0,1,1,0,1,1,490476.0,1,1,0.0
b5c1a4f1f0507d41eff84e1083e61ed85a037e47,"Merge pull request #4591 from moondial-pal/docs-omit-becomingbigrst

Docs omit becomingbigrst",David Lord,2022-05-10 16:19:03+00:00,4,112,116,5,16,1,93,0,0,1,1,0,779,0,39407.0,0,1,0.0
2381044d04cdb058a526c0e27163b4d891d851ed,remove references to mailing list,David Lord,2022-05-10 16:27:54+00:00,9,11,20,3,16,1,33,0,0,1,1,0,779,0,531.0,0,0,0.0
e322f32e94ac97981cfc441cb1ae187580b41d37,"Merge pull request #4593 from pallets/remove-mailing-list

remove references to mailing list",David Lord,2022-05-10 16:35:05+00:00,9,11,20,3,16,1,92,0,0,1,1,0,779,0,431.0,0,0,0.0
542cf30e48881e9e206ec03c507335e5806d127d,"Merge pull request #4575 from thoagland/Issue_4569_add_redirect_to_Flask_App

add `app.redirect` method",David Lord,2022-05-11 16:22:19+00:00,55,1,56,5,16,2,103,1,0,1,1,0,779,0,85634.0,0,0,0.8
a25d234cdddf584528dd6af21db736b6faad27af,Merge remote-tracking branch 'origin/2.1.x',David Lord,2022-05-11 16:39:26+00:00,30,136,166,10,16,2,43,0,0,1,1,1,779,0,1027.0,0,1,0.1
5512a6688193758a24ef0b6825217030da9fed21,"Merge pull request #4576 from dzcode/dzcode/4567/abort-implementation

Add 'aborter' and 'aborter_class' attrs to 'Flask' object",David Lord,2022-05-12 20:45:37+00:00,92,1,93,5,20,3,128,0,0,1,1,1,779,0,101171.0,0,0,0.8
fac630379d31baaa1667894c2b5613304285a4bb,update app.redirect docs,David Lord,2022-05-12 23:30:01+00:00,17,11,28,3,23,3,24,0,0,1,1,0,779,0,9864.0,1,0,0.6666666666666666
c45c81938a1715eb4bdf9eaf6ac9d75becb8c191,Add link to additional packaging info,Nathan Brown,2022-05-12 23:57:50+00:00,4,2,6,1,23,3,37,0,0,0,0,0,1,1,1669.0,1,0,0.0
39f93632964ecabfcb9c1980e2add922098aad80,"finish moving url_for to app

move entire implementation to app
make special build args actual keyword-only args
handle no app context in method
mention other config in server_name error
implicit external with scheme
use adapter.build url_scheme argument
rewrite documentation",David Lord,2022-05-14 19:43:38+00:00,189,156,345,3,19,5,276,1,0,1,1,0,779,0,157548.0,0,1,1.0
00e2aac9371d94011279a6340ec3e7ecc86f097e,"Merge pull request #4580 from ionesu/move_url_for_to_the_flask_app_object

Move url_for to the Flask app object",David Lord,2022-05-14 19:50:37+00:00,204,162,366,3,19,5,111,0,0,1,1,1,779,0,419.0,0,1,1.0
69e2300608497bba103fd05735c878c0d642dd68,"use app.url_for as template global

avoid extra call from helpers.url_for
update changelog for method moves",David Lord,2022-05-15 15:48:07+00:00,4,2,6,2,15,6,107,0,0,0,1,1,779,0,71850.0,0,0,0.5
ca8e6217fe450435e024bcff3082d2a37445f7e1,"Merge pull request #4596 from pallets/url_for-template

use app.url_for as template global",David Lord,2022-05-15 15:54:26+00:00,4,2,6,2,15,6,90,0,0,0,1,1,779,0,379.0,0,0,0.5
8cb950671f39c64707b6aaebfc60d7a8f1157da5,use bound typevar to accept Flask and Werkzeug Response classes,Justin Bull,2022-05-19 17:34:46+00:00,8,2,10,2,17,3,63,0,0,0,1,0,1,1,351620.0,0,0,0.5
a406c297aafa28074d11ec6fd27c246c70418cb4,apply setupmethod consistently,David Lord,2022-05-23 15:49:30+00:00,53,30,83,3,15,0,30,0,0,1,1,0,779,0,339284.0,0,0,1.0
e044b00047da9bf94e7eb88049a17fe1dcf78f4e,avoid triggering setupmethod late in tests,David Lord,2022-05-23 15:50:13+00:00,42,52,94,1,15,0,42,0,0,1,0,0,779,0,43.0,0,1,1.0
a52a7db6c9760adba6ceefa038b6ab69c207d7f9,"Merge pull request #4577 from hallacy/hallacy/fix_4571

update setupmethod behavior",David Lord,2022-05-23 16:12:45+00:00,102,83,185,5,16,0,83,1,0,1,1,0,779,0,1352.0,0,1,0.8
1232d698600e11dcb83bb5dc349ca785eae02d2f,inline conditional imports for cli behaviors,David Lord,2022-05-23 16:46:20+00:00,40,35,75,3,16,0,44,0,0,1,1,1,779,0,2015.0,0,0,0.6666666666666666
31aad113ff59337436e0308d467da31872f58f0a,"Merge pull request #4606 from pallets/cli-imports

inline conditional imports for cli behaviors",David Lord,2022-05-23 16:51:58+00:00,40,35,75,3,16,0,95,0,0,1,1,1,779,0,338.0,0,0,0.6666666666666666
d506af1b1f27877f2101a20c6826e99f30427348,update requirements,David Lord,2022-05-23 17:08:43+00:00,13,13,26,5,17,0,19,0,0,1,1,1,779,0,1005.0,0,0,0.0
1888df34405d46ac0e7524d0de9408e37449feaa,Merge remote-tracking branch 'origin/2.1.x',David Lord,2022-05-23 17:08:52+00:00,53,48,101,8,17,0,43,0,0,1,1,0,779,0,9.0,0,0,0.25
ab76703532939d0bbb6257abb9284eb229ed01d4,"Merge pull request #4581 from lecovi/docs/#3871-celery-config

docs: new configuration format for celery",David Lord,2022-05-23 17:19:59+00:00,15,11,26,1,17,0,104,0,0,1,0,0,779,0,667.0,0,0,0.0
60ac0c509202b99ca9a5e3ea04addd93194ca5d0,"Merge pull request #4595 from nkabrown/add-installation-tutorial-link

Add link to additional packaging info",David Lord,2022-05-23 17:44:48+00:00,4,2,6,1,17,0,108,0,0,0,0,0,779,0,1489.0,0,0,0.0
a4f63e0390e4f9aba543514d16479ce6f40e46be,start version 2.1.3,David Lord,2022-05-23 17:54:02+00:00,10,1,11,2,17,0,19,0,0,0,1,0,779,0,554.0,0,0,0.5
61f62e6005f72c44a90026e2589b6bc5234f2f24,access flask types through namespace alias,David Lord,2022-05-23 20:15:26+00:00,77,96,173,5,20,0,42,0,0,1,1,0,779,0,8484.0,0,1,1.0
83e96806492bd90c1f866617ec56b07f2a6691c0,"Merge pull request #4603 from f3ndot/use-correct-response-type-for-after-request-callable

Fix type annotation for `after_request` callable type",David Lord,2022-05-23 20:56:19+00:00,85,98,183,7,20,0,144,1,0,1,1,0,779,0,2453.0,0,1,0.8571428571428571
88bcf78439b66b5fcba9f4d3a1c56307f98dbf1d,instance_path for namespace packages uses path closest to submodule,Evgeny Prigorodov,2022-05-26 19:12:36+00:00,47,11,58,3,19,3,67,0,0,1,1,0,1,1,252977.0,0,0,0.6666666666666666
3ecebcdf8de02818cd409afd6edd39a09248b3ef,Add test config.from_mapping method: ignoring items with non-upper keys,Stanislav Bushuev,2022-05-31 15:51:39+00:00,4,0,4,1,15,1,71,0,0,0,0,1,2,1,419943.0,0,0,1.0
c6e3fc8072cc33b5f2c67ddbb723e71f67c5e9a7,"Merge pull request #4613 from citramon/test_for_from_mapping_config_skip_not_upper

Add test config.from_mapping method: ignoring items with non-upper keys",David Lord,2022-05-31 16:10:36+00:00,4,0,4,1,16,1,155,0,0,0,0,1,779,0,1137.0,0,0,1.0
21d32ee0672c69573303ac78ff308109b06c9c91,update requirements,David Lord,2022-06-01 18:23:09+00:00,5,5,10,2,18,2,19,0,0,0,1,1,779,0,94353.0,0,0,0.0
9e2e1de2fcf185ee9ebe9a546f830792403c9160,Merge branch '2.1.x',David Lord,2022-06-01 18:27:08+00:00,118,116,234,11,18,2,20,0,0,1,1,0,779,0,239.0,0,1,0.5454545454545454
5d31ce1031e8ca24dc908c319567a76110edd87e,"Fix incorrect references to query in testing doc

The [EnvironBuilder doc](https://werkzeug.palletsprojects.com/en/2.1.x/test/#werkzeug.test.EnvironBuilder) shows that the correct name for the keyword argument is `query_string`, not `query`. Using `query` results in an error.

I've fixed the two places this appears in the testing doc.",Nick Kocharhook,2022-06-01 19:16:21+00:00,4,4,8,1,19,2,338,1,0,0,0,0,1,1,2953.0,0,0,0.0
696d7c620d97e78ea9ed8870380b5b302d9f9a01,"Merge pull request #4617 from nk9/2.1.x

Fix incorrect references to `query` in testing doc",David Lord,2022-06-01 23:10:31+00:00,4,4,8,1,23,2,91,1,0,0,0,1,779,0,14050.0,1,0,0.0
81be290ec8889c157c84bc7ce857f883396c5daf,view function is actually type checked,David Lord,2022-06-03 19:54:54+00:00,63,45,108,5,19,4,38,0,0,1,1,1,779,0,161063.0,0,0,1.0
72cae9ce2b6a5a296b7328df8dd73240e14718e6,Remove extra backtick,Numerlor,2022-06-05 00:57:49+00:00,1,1,2,1,0,6,21,0,0,0,0,1,1,1,104575.0,1,0,1.0
3351a8677e5bd1e1b8cfe2860b73b3422cde4f31,add errorhandler type check tests,David Lord,2022-06-05 22:44:28+00:00,40,4,44,4,22,6,33,1,0,1,1,1,779,0,78399.0,1,0,1.0
5e40aa22afb7d3809f9d9559edd9d152b7f7d025,"Merge pull request #4620 from Numerlor/remove-extra-backtick

Remove extra backtick in docs",David Lord,2022-06-05 22:45:22+00:00,1,1,2,1,22,6,91,0,0,0,0,1,779,0,54.0,1,0,1.0
48766754b8e8a16bfb075229eaaf88643c958c4e,add typing tests to mypy config,David Lord,2022-06-05 22:49:41+00:00,1,1,2,1,22,6,31,0,0,0,0,1,779,0,259.0,1,0,0.0
fb89745408cc02515815c792355c7e883b2d08a4,Merge pull request #4579 from lecovi/docs/#4574-test-typing,David Lord,2022-06-05 22:54:08+00:00,138,31,169,7,22,6,59,0,0,1,1,1,779,0,267.0,1,1,0.8571428571428571
3ba37d2afe6511c3f3153248f7342174bea5b131,fix uninstalled package tests under tox,David Lord,2022-06-06 15:24:05+00:00,15,7,22,3,15,0,39,1,0,1,1,0,779,0,59397.0,0,0,0.6666666666666666
b06df0a792ceb5506da47e0c8fea09902c1058f9,remove outdated instance path test,David Lord,2022-06-06 16:17:53+00:00,0,12,12,1,16,0,34,0,0,1,0,1,779,0,3228.0,0,0,1.0
c7f2ab8e7a512bd643bc640ce015bbe48e74e16e,Merge pull request #4610 from eprigorodov/feature-4602-namespace-path,David Lord,2022-06-06 16:26:53+00:00,59,27,86,4,16,0,69,0,0,1,1,1,779,0,540.0,0,0,0.5
7a2d5fb6df1f2c066b94dd88686137353ada9cc6,Merge branch '2.1.x',David Lord,2022-06-06 16:30:30+00:00,202,63,265,11,16,0,20,0,0,1,1,1,779,0,217.0,0,1,0.6363636363636364
96c97dec095f204b8a557c5ea804afdd329e3c43,deprecate before_first_request,David Lord,2022-06-06 17:00:21+00:00,66,33,99,6,17,0,30,0,0,1,1,0,779,0,1791.0,0,0,0.8333333333333334
aab1d9935e17e40104a28c89d4c669f7ab3cc579,"Merge pull request #4621 from pallets/deprecate-before_first_request

deprecate before_first_request",David Lord,2022-06-06 17:11:00+00:00,66,33,99,6,17,0,100,0,0,1,1,0,779,0,639.0,0,0,0.8333333333333334
6e23239567efde1c2e272db87c53444d6c22a1bb,add View.init_every_request attribute,David Lord,2022-06-06 18:04:04+00:00,62,14,76,3,18,0,37,0,0,1,1,0,779,0,3184.0,0,0,0.6666666666666666
bab5a65e6eaee20ac1706fc9439ee538f59e652f,rewrite class-based view docs,David Lord,2022-06-06 22:33:30+00:00,311,215,526,2,22,0,29,0,0,1,1,0,779,0,16166.0,1,1,0.5
45174bf9a1e96e51ce589c7aa2c151249d1fdf11,use __init_subclass__ instead of metaclass for MethodView,David Lord,2022-06-06 22:40:04+00:00,19,29,48,1,22,0,57,0,0,1,0,0,779,0,394.0,1,0,1.0
db3187fd7ab324d9175d8a1dd8c3919cec58d3b9,"Merge pull request #4624 from pallets/view-init-scope

add `View.init_every_request` attribute",David Lord,2022-06-06 22:52:48+00:00,385,251,636,4,22,0,94,0,0,1,1,0,779,0,764.0,1,1,0.5
46433e9807a1c960d6b2bb0e125cf16a90167d97,add generate_template and generate_template_string functions,pgjones,2022-06-09 08:21:48+00:00,142,40,182,7,8,3,60,0,0,1,1,1,22,0,206940.0,0,0,0.42857142857142855
762382e436062183b1e1fa6f3bda594090a452e7,view functions can return generators as responses directly,pgjones,2022-06-09 08:30:21+00:00,48,2,50,5,8,3,58,0,0,1,1,1,22,0,513.0,0,0,0.8
9934528c8f7e3aa6f4a1c800cba439e5425a5093,Update send_from_directory docstring,Dan Mirsky,2022-06-09 16:12:10+00:00,2,1,3,1,16,3,36,0,0,0,0,0,1,1,27709.0,0,0,1.0
ebc0d30dd1cf21b13569d65e4337d4706e3fd17e,"Merge pull request #4630 from mirskiy/docs-mention-relative

Update send_from_directory docstring to mention relative root for `directory`",David Lord,2022-06-09 16:24:26+00:00,2,1,3,1,16,3,138,0,0,0,0,0,779,0,736.0,0,0,1.0
2f3c87dcb8492f082a2f3ece444773d9db30171b,rewrite javascript docs,David Lord,2022-06-11 20:44:46+00:00,263,146,409,3,20,5,23,0,0,1,1,0,779,0,188420.0,0,1,0.0
9398630a8f002b2d1729246846b167eaf1090b92,Merge pull request #4636 from pallets/docs-javascript,David Lord,2022-06-11 21:03:01+00:00,285,170,455,10,21,5,53,0,0,1,1,0,779,0,1095.0,0,1,0.2
dcd1a1e0b67cefc5e41d363dad5f57ef9668e965,Merge branch '2.1.x',David Lord,2022-06-11 21:16:51+00:00,287,171,458,11,21,5,20,0,0,1,1,0,779,0,830.0,0,0,0.2727272727272727
2ea77c278282f04a8a18c3ced88ef1e048f8ed4a,rewrite deployment docs,David Lord,2022-06-12 20:45:31+00:00,803,825,1628,15,20,6,23,0,0,1,1,0,779,0,84520.0,0,1,0.0
b0a144d0c0acacab9d6cc7ced256d0e841ec8009,"Merge pull request #4637 from pallets/docs-deploy

rewrite deployment docs",David Lord,2022-06-12 21:03:55+00:00,803,825,1628,15,21,6,74,0,0,1,1,0,779,0,1104.0,0,0,0.0
9139af1c62a171555213c07fe41a2b8a7c2b26fc,Merge branch '2.1.x',David Lord,2022-06-12 21:10:51+00:00,803,825,1628,15,21,6,20,0,0,1,1,0,779,0,416.0,0,0,0.0
a9878c018bdecc377788204a3bc93497ec1f050a,remove mod_wsgi-standalone,David Lord,2022-06-12 23:03:51+00:00,5,16,21,1,23,6,26,0,0,1,0,0,779,0,6780.0,1,0,0.0
97298e06fe19298c3ff9d2e0ed9ba70bb3fda2c8,Merge branch '2.1.x',David Lord,2022-06-12 23:04:01+00:00,5,16,21,1,23,6,20,0,0,1,0,0,779,0,10.0,1,0,0.0
9c50b8fc1ca160803f7368fc44f12591da856fd4,fix formatting,David Lord,2022-06-13 13:08:45+00:00,1,1,2,1,13,0,14,1,0,0,0,0,779,0,50684.0,0,0,0.0
4f03a769d44f6740490dd4ddf70e094c12a6090c,"edit some cli messages

dev server message doesn't show one of the lines in grey
app.run message uses click.secho instead of warning",David Lord,2022-06-15 19:45:22+00:00,17,29,46,3,19,2,132,0,0,1,1,1,779,0,196597.0,0,0,1.0
aa801c431ad1f979bce3ea1afbd88e7796ebfd7e,FlaskGroup can be nested,David Lord,2022-06-15 21:07:00+00:00,36,10,46,3,21,2,24,0,0,1,1,1,779,0,4898.0,0,0,0.6666666666666666
fe4003b3c998fde4c9ad8b2340f773f50079ede1,"Merge pull request #4642 from pallets/cli-nest

`FlaskGroup` can be nested",David Lord,2022-06-15 21:17:45+00:00,53,39,92,5,21,2,74,0,0,1,1,1,779,0,645.0,0,1,0.8
ed42e9292811a95f2a68e06a9ae50cb5872216a3,session expiration datetime is UTC timezone-aware,Kevin Kirsche,2022-06-17 14:38:17+00:00,7,3,10,3,14,4,49,0,0,0,1,0,2,1,148832.0,0,0,0.6666666666666666
99fa3c36abc03cd5b3407df34dce74e879ea377a,"add --app, --env, --debug, and --env-file CLI options",David Lord,2022-06-17 14:54:06+00:00,197,54,251,3,14,4,53,1,0,1,1,0,779,0,949.0,0,1,0.6666666666666666
ab1fbef29a073fe5950ea2357f6a3a0d280eb506,prefer --app over FLASK_APP in docs,David Lord,2022-06-17 16:26:26+00:00,146,579,725,15,16,4,35,0,0,1,1,1,779,0,5540.0,0,1,0.06666666666666667
ae547270e935b08d4deada9e28b049ff53debefe,Merge pull request #4646 from pallets/cli-app-env,David Lord,2022-06-17 16:30:28+00:00,343,633,976,18,16,4,49,0,0,1,1,1,779,0,242.0,0,1,0.16666666666666666
c9e000b9cea2e117218d460874d86301fbb43c43,with_appcontext lasts for the lifetime of the click context,David Lord,2022-06-17 18:14:22+00:00,65,26,91,6,18,4,59,0,0,1,1,1,779,0,6234.0,0,0,0.5
cec5f74110a7369992be1651c24b695d9fe55ab3,"Merge pull request #4647 from pallets/cli-app_context

with_appcontext lasts for the lifetime of the click context",David Lord,2022-06-17 18:57:22+00:00,65,26,91,6,18,4,114,0,0,1,1,0,779,0,2580.0,0,0,0.5
7f2a0f4806e40fb5c139b5b20ca443948ce1f4dd,"Merge pull request #4645 from kkirsche/patch-2

Use timezone aware datetime object on session",David Lord,2022-06-17 19:05:19+00:00,7,3,10,3,19,4,93,1,0,0,1,0,779,0,477.0,0,0,0.6666666666666666
ab36542260c61f178b6e8f61312b706ac4c5f73e,"Merge pull request #4629 from pgjones/generate

allow view to return generator",David Lord,2022-06-18 19:24:13+00:00,190,42,232,11,19,5,78,0,0,1,1,1,779,0,87534.0,0,0,0.6363636363636364
abcb6c96777794da1142b0117f8c57f95cba65b7,Update javascript.rst,hankhank10,2022-06-23 09:59:43+00:00,2,2,4,1,9,3,21,0,0,0,0,0,2,1,398130.0,0,0,0.0
f6be300c4284527f76f910fe0d6f07d72a10a52b,Merge pull request #4652 from hankhank10/2.1.x,David Lord,2022-06-23 13:00:33+00:00,2,2,4,1,13,3,46,0,0,0,0,0,779,0,10850.0,0,0,0.0
64ab59817dedd7959b4b38d47403c86415f4a322,show separate HTTP method route decorators in quickstart,hankhank10,2022-06-26 09:14:40+00:00,18,0,18,1,9,6,56,0,1,1,0,0,2,1,245647.0,0,0,0.0
0b2f809f9b56861dae3ae5154d73b4afaf632a0a,access names as proxies directly,David Lord,2022-06-27 14:57:03+00:00,33,42,75,1,14,0,32,0,0,1,0,1,779,0,106943.0,0,0,1.0
0a01248b5cee9d47363207687660708d5ba3ee4b,Merge pull request #4654 from hankhank10/main,David Lord,2022-06-28 13:27:24+00:00,18,0,18,1,13,1,45,0,0,1,0,0,779,0,81021.0,0,0,0.0
b46bfcfa63e3c7b32b66dd4870f1c8c17fe1cb46,rewrite extension development docs,David Lord,2022-06-28 23:28:33+00:00,277,299,576,2,23,1,34,0,0,1,1,0,779,0,36069.0,1,1,0.0
12d3f4fdf0b91a1b367dcda0421dfcd0774b6dd2,"Merge pull request #4658 from pallets/docs-extension-dev

rewrite extension development docs",David Lord,2022-06-28 23:38:09+00:00,277,299,576,2,23,1,92,0,0,1,1,0,779,0,576.0,1,1,0.0
84c722044ad03f7f5384f5314c8350b3a13d8dfa,new debug/test preserve context implementation,David Lord,2022-06-30 04:02:44+00:00,84,220,304,10,4,3,46,1,0,1,1,1,779,0,102275.0,1,0,0.7
5544d09477af3221d988ec18b086930c2d9e67cd,re-add flag to skip unguarded app.run from CLI,David Lord,2022-06-30 04:11:58+00:00,9,7,16,3,4,3,46,0,0,1,1,0,779,0,554.0,1,0,1.0
3635583ce27f70a3d9efd1e2212d5efc1d256333,"Merge pull request #4662 from pallets/fix-run-skip

re-add flag to skip unguarded app.run from CLI",David Lord,2022-06-30 04:21:52+00:00,9,7,16,3,4,3,98,1,0,1,1,0,779,0,594.0,1,0,1.0
2589328485f51ad17afda682dd84a83da4e4e38e,"Bump actions/setup-python from 3 to 4

Bumps [actions/setup-python](https://github.com/actions/setup-python) from 3 to 4.
- [Release notes](https://github.com/actions/setup-python/releases)
- [Commits](https://github.com/actions/setup-python/compare/v3...v4)

---
updated-dependencies:
- dependency-name: actions/setup-python
  dependency-type: direct:production
  update-type: version-update:semver-major
...

Signed-off-by: dependabot[bot] <support@github.com>",dependabot[bot],2022-07-01 16:05:52+00:00,1,1,2,1,16,4,462,0,0,0,0,1,42,0,128640.0,0,0,0.0
57a95e82b7194f1809ac9f626140ab1e497e121f,"Merge pull request #4665 from pallets/dependabot/github_actions/actions/setup-python-4

Bump actions/setup-python from 3 to 4",David Lord,2022-07-01 16:45:43+00:00,1,1,2,1,16,4,125,0,0,0,0,1,779,0,2391.0,0,0,0.0
6916697a982df775a66a1ac9971985e5fa213f2b,"Merge pull request #4666 from pallets/debug-context

new preserve context implementation",David Lord,2022-07-01 19:35:24+00:00,84,220,304,10,19,4,88,1,0,1,1,1,779,0,10181.0,0,1,0.7
96d39c87a803e3a92152787a12d09bbc149556ec,Merge remote-tracking branch 'origin/2.1.x',David Lord,2022-07-01 20:32:50+00:00,298,302,600,5,20,4,43,0,0,1,1,1,779,0,3446.0,0,1,0.0
9e686d93b69f0e73f801cc11a57839f4dfe2ca1a,remove deprecated RequestContext.g,David Lord,2022-07-01 20:44:31+00:00,4,26,30,2,20,4,34,0,0,1,1,1,779,0,701.0,0,0,0.5
c2810ffdd2f2becbc37d35f63b69034b8b9ed5b8,remove deprecated send_file argument names,David Lord,2022-07-01 20:59:44+00:00,13,65,78,2,20,4,42,0,0,1,1,1,779,0,913.0,0,0,0.5
c99f07d3e4b463174d1b25cc813e2df76c182773,"Merge pull request #4667 from pallets/remove-deprecated-code

Remove deprecated code",David Lord,2022-07-01 21:14:37+00:00,16,90,106,3,21,4,84,0,0,1,1,0,779,0,893.0,0,0,0.6666666666666666
ca2bfbb0ac66fbbeeedbf6bbe317bee45cb23d29,Support returning list as JSON,Grey Li,2022-07-02 02:39:18+00:00,16,4,20,3,2,5,30,0,0,1,1,0,11,0,19481.0,1,0,1.0
ab6a8b0330845c80d661a748314691302ea7d8f7,relax routes cli match order,David Lord,2022-07-03 04:02:00+00:00,16,17,33,1,4,6,28,0,0,1,0,0,779,0,91362.0,1,0,1.0
1626aff602e3316642e69927333041370095c321,Merge branch '2.1.x',David Lord,2022-07-03 04:03:09+00:00,16,17,33,1,4,6,20,0,0,1,0,0,779,0,69.0,1,0,1.0
f8cb0b0dd5ea30729db6b131aeeb30915ea4860b,update docs about json,David Lord,2022-07-03 04:32:55+00:00,31,23,54,3,4,6,22,0,0,1,1,0,779,0,1786.0,1,0,0.3333333333333333
60b845ebabeb77e401186f4b83de21d3f9c6a9d7,update typing tests for json,David Lord,2022-07-03 04:40:20+00:00,18,2,20,2,4,6,28,0,0,1,1,0,779,0,445.0,1,0,1.0
559a8458c4187b3cc12b1ea5a92a393c7fbdc765,"Merge pull request #4672 from greyli/return-list

Allow to return list as JSON",David Lord,2022-07-03 04:48:06+00:00,62,26,88,6,4,6,78,0,0,1,1,0,779,0,466.0,1,0,0.6666666666666666
50df54e4c7fb06df51a89d8f363e2997d2310449,explain workflow,David Lord,2022-07-04 15:35:36+00:00,3,0,3,1,15,0,16,0,0,0,0,0,779,0,125250.0,0,0,0.0
e9d0000fc152108948144def06b2ac84524bffcc,"[pre-commit.ci] pre-commit autoupdate

updates:
- [github.com/asottile/pyupgrade: v2.32.1 → v2.34.0](https://github.com/asottile/pyupgrade/compare/v2.32.1...v2.34.0)
- [github.com/asottile/reorder_python_imports: v3.1.0 → v3.3.0](https://github.com/asottile/reorder_python_imports/compare/v3.1.0...v3.3.0)
- [github.com/psf/black: 22.3.0 → 22.6.0](https://github.com/psf/black/compare/22.3.0...22.6.0)
- [github.com/pre-commit/pre-commit-hooks: v4.2.0 → v4.3.0](https://github.com/pre-commit/pre-commit-hooks/compare/v4.2.0...v4.3.0)",pre-commit-ci[bot],2022-07-04 22:37:19+00:00,4,4,8,1,22,0,533,0,0,0,0,0,23,0,25303.0,1,0,0.0
e4c4fd57710097c7405f7b185b9048c1c8c72d3e,"Merge pull request #4674 from pallets/pre-commit-ci-update-config

[pre-commit.ci] pre-commit autoupdate",David Lord,2022-07-04 22:55:54+00:00,4,4,8,1,22,0,104,0,0,0,0,0,779,0,1115.0,1,0,0.0
d7482cd765351e7495bfce45f9fb55732e91ab3a,Merge branch '2.1.x',David Lord,2022-07-05 00:03:08+00:00,4,4,8,1,0,1,20,0,0,0,0,0,779,0,4034.0,1,0,0.0
d597db67ded68d4aedf42b9d1d4570573fb79cd6,contexts no longer use LocalStack,David Lord,2022-07-05 05:50:51+00:00,146,71,217,5,5,1,33,0,0,1,1,1,779,0,20863.0,1,1,0.8
82c2e0366ce6b74a3786a64631ce58b85b3a7d4e,remove uses of LocalStack,David Lord,2022-07-05 13:33:03+00:00,115,132,247,13,13,1,25,0,0,1,1,0,779,0,27732.0,0,1,1.0
9dfcb90c92e13f2d92cb723cb834b5e0d666a2f5,"Document serialization of Decimal in JSONEncoder

The Flask JSONEncoder serializes Decimal types to strings, but this
behavior is missing from the docs. The docs are updated accordingly.",Ties Jan Hefting,2022-07-06 09:38:33+00:00,2,0,2,2,9,2,186,0,0,0,1,0,1,1,72330.0,0,0,0.5
cafe68e1edb8902f2dab977af9d848928ce1ecc6,"Merge pull request #4675 from tiesjan/2.1.x

Document serialization of Decimal in JSONEncoder",David Lord,2022-07-06 12:33:05+00:00,2,0,2,2,12,2,93,0,0,0,1,0,779,0,10472.0,0,0,0.5
9b44bf2818d8e3cde422ad7f43fb33dfc6737289,"Improve decorator typing (#4676)

* Add a missing setupmethod decorator

* Improve the decorator typing

This will allow type checkers to understand that the decorators return
the same function signature as passed as an argument. This follows the
guidelines from
https://mypy.readthedocs.io/en/stable/generics.html#declaring-decorators.

I've chosen to keep a TypeVar per module and usage as I think
encouraged by PEP 695, which I hope is accepted as the syntax is much
nicer.",Phil Jones,2022-07-06 21:05:20+00:00,123,76,199,6,21,2,487,0,0,1,1,0,1,1,30735.0,0,0,1.0
2f1d1d625697b9eca82dc8b2f46fff24dace63b1,"Add further typing tests

This should help ensure the app decorators are correctly typed.",pgjones,2022-07-08 13:33:20+00:00,38,0,38,1,13,4,89,0,0,1,0,0,22,0,145680.0,0,0,1.0
c757882808a7e4e29636e433463435a7eed5b952,"Merge pull request #4680 from pgjones/typing-test

Add further typing tests",David Lord,2022-07-08 13:41:56+00:00,38,0,38,1,13,4,75,0,0,1,0,0,779,0,516.0,0,0,1.0
e0dad454810dd081947d3ca2ff376c5096185698,update docs about contexts,David Lord,2022-07-08 14:08:54+00:00,82,132,214,9,14,4,26,0,0,1,1,0,779,0,1618.0,0,1,0.4444444444444444
6751f68560bfa7c51133d2712830645ed551ace8,"New URL for the Quart project

The Quart project moved from Gitlab (https://gitlab.com/pgjones/quart) to Github (https://github.com/pallets/quart). There is a message at the top of the Gitlab page announcing the move.",Earl C. Ruby III,2022-07-08 17:21:42+00:00,1,1,2,1,17,4,217,0,0,0,0,0,1,1,11568.0,0,0,0.0
94233fc8c07fdd11cf6b3309de8bb12368aa802a,"Merge pull request #4681 from earlruby/patch-1

New URL for the Quart project",David Lord,2022-07-08 17:28:01+00:00,1,1,2,1,17,4,77,1,0,0,0,0,779,0,379.0,0,0,0.0
89463cb77c7f3830c308cdfcc250255fd7377d01,require Werkzeug 2.2,David Lord,2022-07-08 17:58:29+00:00,1,1,2,1,17,4,20,0,0,0,0,1,779,0,1828.0,0,0,1.0
cbebdae698272eeea2739988ccce54b1f14a1a67,"Merge pull request #4682 from pallets/refactor-context-stack

remove use of `LocalStack`",David Lord,2022-07-08 18:58:44+00:00,350,351,701,23,18,4,88,0,0,1,1,0,779,0,3615.0,0,1,0.7391304347826086
979e0adbacfb3c5cc1ac678b4ef5373dadde83d3,fix pr link,David Lord,2022-07-08 19:02:18+00:00,1,1,2,1,19,4,11,1,0,0,0,0,779,0,214.0,0,0,0.0
91044c4d769efa7f20455e1b70457a7da95c26d8,"Change _cv_req -> _cv_request

This is a clearer name for the variable.",pgjones,2022-07-09 12:41:35+00:00,25,25,50,7,12,5,71,0,0,1,1,1,22,0,63557.0,0,0,1.0
5775d1e9b1a031c7bc3bf1463acb3289594ab3e4,"Merge pull request #4685 from pgjones/name

Change _cv_req -> _cv_request",David Lord,2022-07-09 12:44:52+00:00,25,25,50,7,12,5,73,0,0,1,1,1,779,0,197.0,0,0,1.0
58ecacd271c2a07018cb6f65da164d4bed1e14ea,Change Roll back by Rever,Pedro Torcatt,2022-07-10 11:22:56+00:00,1,1,2,1,11,6,25,0,0,0,0,1,2,1,81484.0,0,0,0.0
4696156278c5d3f05fb09d1a605b6866b49ffbcb,"Merge pull request #4686 from Jalkhov/main

Small grammatical suggestion",David Lord,2022-07-10 11:36:55+00:00,1,1,2,1,11,6,72,0,0,0,0,0,779,0,839.0,0,0,0.0
03b410066b96f63ba2a215750f881d5bebb78a29,Fix docs/CHANGES.rst typo,Pedro Torcatt,2022-07-11 22:02:00+00:00,1,1,2,1,22,0,25,1,0,0,0,0,2,1,123905.0,1,0,0.0
c356c6da5f25ba70bd53448ff1d1bf6ad6967fd5,"Merge pull request #4687 from Jalkhov/patch-1

Fix CHANGES.rst typo",David Lord,2022-07-11 23:50:10+00:00,1,1,2,1,23,0,67,1,0,0,0,1,779,0,6490.0,1,0,0.0
69f9845ef2da3051d74d4dade3e88ccf5b2ee3de,add json provider interface,David Lord,2022-07-13 14:41:43+00:00,664,284,948,13,14,2,27,0,0,1,1,1,779,0,139893.0,0,1,0.7692307692307693
67310ab49613be97a121053dfbbced14657b96eb,"Merge pull request #4692 from pallets/json-provider

add JSON provider interface",David Lord,2022-07-13 16:55:00+00:00,664,284,948,13,16,2,80,0,0,1,1,1,779,0,7997.0,0,1,0.7692307692307693
58f3536a8f5dfc18e559c518ae38cba52bec90a9,error for render_template outside app context,Yourun-Proger,2022-07-13 19:48:28+00:00,15,0,15,2,19,2,45,1,0,1,1,0,1,1,10408.0,0,0,0.5
7096b2c4b13660998ad9a7bc845c3e6c5779afaa,update requirements,David Lord,2022-07-13 20:39:51+00:00,29,24,53,6,20,2,19,0,0,1,1,1,779,0,3083.0,0,0,0.0
a7859c6947ffc3e74007c23646cf74518230f0fb,"Merge pull request #4693 from Yourun-proger/msg_app_ctx

error message for `render_template` outside app context",David Lord,2022-07-13 20:50:05+00:00,15,0,15,2,20,2,112,1,0,1,1,1,779,0,614.0,0,0,0.5
134aebe60115716b962a95a0dd31bf72c5417941,release version 2.1.3,David Lord,2022-07-13 20:51:42+00:00,2,2,4,2,20,2,21,0,0,0,1,1,779,0,97.0,0,0,0.5
187d7179f605d28c3d24e9f4d65d3295fb099afe,"Merge pull request #4694 from pallets/release-2.1.3

release version 2.1.3",David Lord,2022-07-13 20:54:33+00:00,2,2,4,2,20,2,74,0,0,0,1,1,779,0,171.0,0,0,0.5
48fe96588c5318be34c843233ada92c7787e720d,Merge branch '2.1.x',David Lord,2022-07-13 20:58:07+00:00,35,26,61,9,20,2,20,0,0,1,1,1,779,0,214.0,0,1,0.1111111111111111
4f01c68a4bcabf7dde010b7c602f2811aa89a852,fix issue link,David Lord,2022-07-13 21:02:50+00:00,1,1,2,1,21,2,14,1,0,0,0,0,779,0,283.0,0,0,0.0
76a6b4f2b56bebf1262377ba5b39b7951155b54d,Merge branch '2.1.x',David Lord,2022-07-13 21:03:01+00:00,1,1,2,1,21,2,20,0,0,0,0,1,779,0,11.0,0,0,0.0
4bf7415a9692b0c1a69cd50a17c1cbda4a75931b,allow TypedDict as a response value,Matthijs van der Vleuten,2022-07-14 09:22:22+00:00,15,1,16,3,9,3,35,0,0,1,1,1,1,1,44361.0,0,0,0.6666666666666666
900e11850a201717599fb12fb7cd76c37078206d,"Merge pull request #4695 from zr40/allow-typeddict-as-responsevalue

Allow TypedDict as a ResponseValue",David Lord,2022-07-14 21:17:38+00:00,15,1,16,3,21,3,103,0,0,1,1,1,779,0,42916.0,0,0,0.6666666666666666
add53e190cf90b01b37914f810a370a0cd681800,require Werkzeug 2.2,David Lord,2022-07-25 01:40:52+00:00,2,1,3,2,1,0,20,0,0,0,1,0,779,0,879794.0,1,0,0.5
2869ddf50ce8dbf590a5a6992ffc7bbd096884a3,update blinker intersphinx link,David Lord,2022-07-25 02:35:28+00:00,1,1,2,1,2,0,31,0,0,0,0,0,779,0,3276.0,1,0,1.0
363be75e8401350d4f1b131723991d382fce83c6,remove reference links from changelog,David Lord,2022-07-25 02:35:44+00:00,194,218,412,1,2,0,37,0,0,1,0,0,779,0,16.0,1,1,0.0
02a08512527f997e43d1c01d03d4d473cab3b239,Merge branch '2.1.x',David Lord,2022-07-25 02:37:30+00:00,195,218,413,2,2,0,20,0,0,1,1,0,779,0,106.0,1,1,0.5
095651be9eec58ddb0c2eb6158318b1c703c67c5,fix has_app_context and has_request_context,David Lord,2022-07-25 14:35:17+00:00,2,2,4,1,14,0,43,1,0,0,0,0,779,0,43067.0,0,0,1.0
292c7e5c5db14824a23bbd6fdfe69f62015aee20,release version 2.2.0,David Lord,2022-07-26 16:40:02+00:00,2,2,4,2,16,1,21,0,0,0,1,0,779,0,93885.0,0,0,0.5
5d8e35653fca0d7ee01519d556c7851089de82ea,"refactor lazy loading

Remove the `--eager-loading/--lazy-loading` options and the
`DispatchingApp` middleware. The `run` command handles loading
exceptions directly. The reloader always prints out tracebacks
immediately and always defers raising the error.",David Lord,2022-08-01 16:13:01+00:00,31,118,149,6,16,0,257,1,0,1,1,1,779,0,516779.0,0,0,0.5
633f421031c9c18b56177b0d42adcb505b4627b1,"Merge pull request #4718 from pallets/remove-lazy-option

remove `--eager-loader/--lazy-loader` options",David Lord,2022-08-01 17:44:31+00:00,31,118,149,6,17,0,103,0,0,1,1,1,779,0,5490.0,0,0,0.5
7d53a129cf1b28f1a88491ae50877473b68bdb54,remove __traceback_hide__,David Lord,2022-08-01 17:52:12+00:00,0,4,4,1,17,0,25,0,0,0,0,1,779,0,461.0,0,0,1.0
3e5ca2902e1de0ceb8dc83d087274db61070b17d,"Merge pull request #4719 from pallets/remove-lazy-option

remove `__traceback_hide__`",David Lord,2022-08-01 17:56:14+00:00,0,4,4,1,17,0,85,0,0,0,0,1,779,0,242.0,0,0,1.0
4c08e3a2ba3d42fbee63577bceedfe325f51b81d,update pycharm instructions,David Lord,2022-08-01 18:39:31+00:00,22,39,61,3,18,0,27,0,0,1,1,0,779,0,2597.0,0,0,0.0
ef95998d79eed3b8350d8db825e3d98f25c179f2,deprecate FLASK_ENV,David Lord,2022-08-01 22:11:21+00:00,95,96,191,5,22,0,19,0,0,1,1,0,779,0,12710.0,1,1,0.8
30427a209043bfb9730904e0c34b0dbc40bd21f4,remove FLASK_ENV from docs,David Lord,2022-08-01 22:11:35+00:00,84,188,272,7,22,0,26,0,0,1,1,0,779,0,14.0,1,1,0.0
98ca00d54532bfdf858fe663f8fb3cc260c2048b,"Merge pull request #4720 from pallets/deprecate-env

deprecate `FLASK_ENV` and `app.env`",David Lord,2022-08-01 22:19:16+00:00,201,323,524,14,22,0,88,0,0,1,1,0,779,0,461.0,1,1,0.2857142857142857
6f9ef112865eae12684aa74924ee08504044a62d,"[pre-commit.ci] pre-commit autoupdate

updates:
- [github.com/asottile/pyupgrade: v2.37.1 → v2.37.3](https://github.com/asottile/pyupgrade/compare/v2.37.1...v2.37.3)
- [github.com/asottile/reorder_python_imports: v3.8.1 → v3.8.2](https://github.com/asottile/reorder_python_imports/compare/v3.8.1...v3.8.2)
- [github.com/PyCQA/flake8: 4.0.1 → 5.0.2](https://github.com/PyCQA/flake8/compare/4.0.1...5.0.2)
- [github.com/peterdemin/pip-compile-multi: v2.4.5 → v2.4.6](https://github.com/peterdemin/pip-compile-multi/compare/v2.4.5...v2.4.6)",pre-commit-ci[bot],2022-08-01 23:18:11+00:00,4,4,8,1,23,0,537,0,0,0,0,0,23,0,3535.0,1,0,0.0
bfdd37110c67ebeb42061fb43cf684b05291241f,deprecate config attributes,David Lord,2022-08-01 23:53:15+00:00,154,57,211,8,23,0,27,0,0,1,1,0,779,0,2104.0,1,0,0.75
cfd5783a984c81828e79641b5d761a56633fa0e8,"Merge pull request #4722 from pallets/deprecate-config-attrs

deprecate config attributes",David Lord,2022-08-02 00:04:12+00:00,154,57,211,8,0,1,89,0,0,1,1,0,779,0,657.0,1,0,0.75
ac1bb97679f2b778bd89580fac2f461ff77c716a,"Merge pull request #4721 from pallets/pre-commit-ci-update-config

[pre-commit.ci] pre-commit autoupdate",David Lord,2022-08-02 00:07:27+00:00,4,4,8,1,0,1,104,0,0,0,0,0,779,0,195.0,1,0,0.0
f3bb9b25665d5d141d899979116ad62d771815cc,Merge branch '2.1.x',David Lord,2022-08-02 00:07:58+00:00,4,4,8,1,0,1,20,0,0,0,0,0,779,0,31.0,1,0,0.0
b17bb9ed563ab2857c0db9a07ec4e6407404c7be,"Merge pull request #4710 from pallets/release-2.2.0

release version 2.2.0",David Lord,2022-08-02 00:12:09+00:00,2,2,4,2,0,1,74,0,0,0,1,0,779,0,251.0,1,0,0.5
01dec1889127a3fc09eaa0dac905559740842992,start version 2.3.0,David Lord,2022-08-02 00:46:38+00:00,6,0,6,1,0,1,19,0,0,0,0,0,779,0,2069.0,1,0,0.0
cb4ee201179f7c414fbcd02145a1147f2793fa46,pre-commit updates latest release branch,David Lord,2022-08-02 00:46:58+00:00,1,1,2,1,0,1,40,0,0,0,0,0,779,0,20.0,1,0,0.0
9a1b25fce4ddd553d7cba01bab3df5841a24aeff,start version 2.2.1,David Lord,2022-08-03 13:47:31+00:00,7,1,8,2,13,2,19,0,0,0,1,0,779,0,133233.0,0,0,0.5
714ccefeca33db9e87e8ef4abd0008af05c32a4d,show deprecation warning on json_encoder/decoder access,David Lord,2022-08-03 16:11:37+00:00,167,42,209,5,16,2,55,0,0,1,1,0,779,0,8646.0,0,1,0.8
723a3a6ffdb2c84eb7883d0852ec7d41fed751c0,"Merge pull request #4735 from pallets/json_encoder-warning

show deprecation warning when using json_encoder/decoder",David Lord,2022-08-03 17:02:18+00:00,167,42,209,5,17,2,116,0,0,1,1,0,779,0,3041.0,0,1,0.8
0d87b22314d7d0f1a0aa6c3be340095412f6637e,update requirements,David Lord,2022-08-03 23:39:35+00:00,12,14,26,5,23,2,19,0,0,1,1,0,779,0,23837.0,1,0,0.0
52c54b2ce1e392c5d5cd9339a4a069e91edd1d01,release version 2.2.1,David Lord,2022-08-03 23:40:28+00:00,2,2,4,2,23,2,21,0,0,0,1,0,779,0,53.0,1,0,0.5
85f79e1a2360c3589b228410c39e208b8514b5b9,"Merge pull request #4736 from pallets/release-2.2.1

release version 2.2.1",David Lord,2022-08-03 23:51:22+00:00,2,2,4,2,23,2,74,0,0,0,1,0,779,0,654.0,1,0,0.5
21aaf0ef9a21bfb8f27fdc74072a09803d9ab6fd,Merge branch '2.2.x',David Lord,2022-08-04 00:09:43+00:00,186,57,243,11,0,3,20,0,0,1,1,0,779,0,1101.0,1,1,0.45454545454545453
4984753dbf5a247f46e2903011c981d0709973ff,start version 2.2.2,David Lord,2022-08-04 14:21:17+00:00,7,1,8,2,14,3,19,0,0,0,1,0,779,0,51094.0,0,0,0.5
a6a7a57380cd8f7410753c3b819ba6d09198d8c9,fix default value of app.env,David Lord,2022-08-04 14:24:20+00:00,4,1,5,2,14,3,28,1,0,0,1,0,779,0,183.0,0,0,0.5
45b2c99c1f6a884376d54bbb25223edad65596c5,"Merge pull request #4742 from pallets/env-default

fix default value of app.env",David Lord,2022-08-04 14:27:50+00:00,4,1,5,2,14,3,79,1,0,0,1,1,779,0,210.0,0,0,0.5
795d3e25aae40031ec9021f08aba54fe7a5b5e5a,Merge branch '2.2.x',David Lord,2022-08-04 14:32:51+00:00,11,2,13,3,14,3,20,0,0,1,1,1,779,0,301.0,0,0,0.6666666666666666
a0458efef6c8a5669bb6e78044a290bf560f962b,refactor or remove old docs (#4748),David Lord,2022-08-05 18:28:22+00:00,43,681,724,10,18,4,35,0,0,1,1,1,779,0,100531.0,0,1,0.0
e3df23374cdb9342a823556170c53c9d987d0d33,remove env from shell banner,David Lord,2022-08-05 18:29:39+00:00,1,1,2,1,18,4,28,0,0,0,0,1,779,0,77.0,0,0,1.0
e3eaafb56e3914676755fce6f67256599fb3fc64,"Merge pull request #4749 from pallets/shell-env

remove env from shell banner",David Lord,2022-08-05 18:35:15+00:00,1,1,2,1,18,4,77,0,0,0,0,0,779,0,336.0,0,0,1.0
87584e89fe65dfb76654ba65360d0b3ce32d44e2,Merge branch '2.2.x',David Lord,2022-08-05 18:35:36+00:00,44,682,726,11,18,4,20,0,0,1,1,0,779,0,21.0,0,1,0.09090909090909091
6ab3cb8d0cb1fa28dd2e0118c07e481720bd684a,fix issue number,David Lord,2022-08-08 17:27:57+00:00,1,1,2,1,17,0,16,1,0,0,0,0,779,0,255141.0,0,0,0.0
c779ac4f5f9046ce614c7ea30dee4838541b84b5,Merge branch '2.2.x',David Lord,2022-08-08 17:28:08+00:00,1,1,2,1,17,0,20,0,0,0,0,1,779,0,11.0,0,0,0.0
de16718b39e3544688130339a0813997e3790c48,require werkzeug >= 2.2.2,David Lord,2022-08-08 23:14:00+00:00,4,8,12,3,23,0,25,0,0,1,1,1,779,0,20752.0,1,0,0.6666666666666666
e9af7c23ae19fcc50781b7711f4672c113636892,"Merge pull request #4754 from pallets/werkzeug-version

require werkzeug >= 2.2.2",David Lord,2022-08-08 23:19:32+00:00,4,8,12,3,23,0,81,0,0,1,1,1,779,0,332.0,1,0,0.6666666666666666
43d2fff317aec64a000604a764b8ab2dc751c753,release version 2.2.2,David Lord,2022-08-08 23:21:40+00:00,2,2,4,2,23,0,21,0,0,0,1,0,779,0,128.0,1,0,0.5
a1c478bc93d3dc018a6e7a1ba3cf5409553c9df3,"Merge pull request #4755 from pallets/release-2.2.2

release version 2.2.2",David Lord,2022-08-08 23:24:25+00:00,2,2,4,2,23,0,74,0,0,0,1,0,779,0,165.0,1,0,0.5
36af821edf741562cdcb6c60d63f23fa9a1d8776,Merge branch '2.2.x',David Lord,2022-08-08 23:28:50+00:00,5,9,14,3,23,0,20,0,0,1,1,0,779,0,265.0,1,0,0.6666666666666666
00b07c863ec147256b68f71c3fe9b6b2f9dbe6bc,"fix typo

fixes #4756",Philipp Rohde,2022-08-09 07:48:02+00:00,2,2,4,1,7,1,21,1,0,0,0,0,1,1,29952.0,0,0,1.0
22b6296830113827810d4e89c634f8153020f097,"Update javascript.rst

Spelling",tautv,2022-08-09 08:45:02+00:00,1,1,2,1,8,1,31,0,0,0,0,1,1,1,3420.0,0,0,0.0
5b2e9e946bd1e024795d54b9daa489ead6b7a995,Merge pull request #4757 from prohde/fix-4756,Grey Li,2022-08-09 14:03:39+00:00,2,2,4,1,14,1,45,1,0,0,0,1,11,0,19117.0,0,0,1.0
062a096f4056c78956a6d12d2a04f2cef5180af6,"Merge pull request #4758 from tautv/patch-1

Fix typo in docs/patterns/javascript.rst",Grey Li,2022-08-09 14:08:08+00:00,1,1,2,1,14,1,85,1,0,0,0,1,11,0,269.0,0,0,0.0
77cdefcceeb90e261977493318bc8e71c5b15c33,Fix typo,Oğuzhan Çelikarslan,2022-08-12 10:26:26+00:00,1,1,2,1,10,4,8,1,0,0,0,1,1,1,245898.0,0,0,0.0
b0b27785ae2a94bb41a9750ae9a0aaea8ae2dc35,"Merge pull request #4760 from oguzhancelikarslan/patch-1

Fix typo on qucikstart documentation",Grey Li,2022-08-13 02:22:10+00:00,1,1,2,1,2,5,94,1,0,0,0,1,11,0,57344.0,1,0,0.0
746455d1038fd5479f396cbf2d19b48edfeb8290,"Fix misrendered docstring

The API reference for `flask.Config.from_mapping` needs a newline to separate
the summary from the return description.  I also wrapped the docstring at 72
characters as suggested in CONTRIBUTING.rst.",Thomas Rhines,2022-08-14 22:59:19+00:00,3,2,5,1,22,6,226,1,0,0,0,1,1,1,160629.0,1,0,1.0
1d07857b1ddd2c0aef6d09436b307eb7abfdbd39,fix typo,David Lord,2022-08-15 14:29:34+00:00,1,1,2,1,14,0,8,1,0,0,0,1,779,0,55815.0,0,0,0.0
d94634b1beaf81afea662692874fdaa4c8a6bd89,fix view docs,David Lord,2022-08-15 14:34:50+00:00,8,3,11,1,14,0,13,1,0,0,0,1,779,0,316.0,0,1,0.0
2d3f72574dcb9026c3fed6b68568351a4b18a69a,fix typo,David Lord,2022-08-15 19:37:11+00:00,1,1,2,1,19,0,8,1,0,0,0,1,779,0,18141.0,0,0,0.0
86bf3f205feaa86e149674cd0f23a14f3e5c2e22,Correct `waitress-serve` command,Dillon Barnes,2022-08-17 16:00:25+00:00,2,2,4,1,16,2,32,0,0,0,0,1,1,1,159794.0,0,0,0.0
e0c157f7ee99bde3376e456a914bb07260eb6017,"Merge pull request #4772 from DillonB07/patch-1

correct `waitress-serve` command",David Lord,2022-08-17 16:24:58+00:00,2,2,4,1,16,2,81,1,0,0,0,1,779,0,1473.0,0,0,0.0
4bc0e4943dfa637361aec2bb18dc9e1fabeaad12,Add --debug option to flask run,Grey Li,2022-08-21 09:36:30+00:00,9,1,10,2,9,6,31,1,0,0,1,1,11,0,321092.0,0,0,0.5
56a95f6ff6b14d26a8aad124bf08484e2b4be21f,"Merge pull request #4780 from tjrhines1/config-fix-docstring

Fix misrendered docstring",David Lord,2022-08-21 14:56:09+00:00,3,2,5,1,14,6,87,1,0,0,0,1,779,0,19179.0,0,0,1.0
212b72a1feeae69739fb50fc5ab11d1c025350bc,start version 2.2.3,David Lord,2022-08-22 16:00:33+00:00,7,1,8,2,16,0,19,0,0,0,1,1,779,0,90264.0,0,0,0.5
00bdc2b448a10c690b159d778391fe23852cfc08,"fix: remove obsolete `zip_safe` (#4783)

remove obsolete `zip_safe`",Kevin Kirsche,2022-08-22 16:05:52+00:00,0,1,1,1,16,0,67,1,0,0,0,1,2,1,319.0,0,0,0.0
bd26928fdb2476fca62f0e621e8f2870250ac2bc,Prefer flask run --debug in docs,Grey Li,2022-08-23 04:44:50+00:00,15,19,34,9,4,1,32,1,0,1,1,1,11,0,45538.0,1,1,0.1111111111111111
ce6ad90ecf79daf759e177e0403f27c469c7f6a8,remove heroku link,David Lord,2022-08-27 13:03:46+00:00,0,1,1,1,13,5,18,0,0,0,0,1,779,0,375536.0,0,0,0.0
73b9bacbf7e7440e5a8a65e61fecfe3d0ce75579,Merge branch '2.2.x',David Lord,2022-08-27 13:04:55+00:00,25,15,40,11,13,5,20,0,0,1,1,1,779,0,69.0,0,1,0.18181818181818182
e7b2ce9a50c4a3a1ff5d032f201ed43d8cd39f17,Add missing .dev to version (#4801),Isaac Woodruff,2022-09-02 15:52:13+00:00,1,1,2,1,15,4,35,0,0,0,0,1,1,1,528438.0,0,0,1.0
00be8d24ac3a2a68f35011001e3b0b0550501afd,Merge branch '2.2.x',David Lord,2022-09-02 15:53:04+00:00,0,0,0,0,15,4,20,0,0,0,0,0,779,0,51.0,0,0,0.0
8811ae037a70621fdca8b109d155ff4aed0eb662,"[pre-commit.ci] pre-commit autoupdate (#4806)

updates:
- [github.com/psf/black: 22.6.0 → 22.8.0](https://github.com/psf/black/compare/22.6.0...22.8.0)

Co-authored-by: pre-commit-ci[bot] <66853113+pre-commit-ci[bot]@users.noreply.github.com>",pre-commit-ci[bot],2022-09-07 19:07:20+00:00,1,1,2,1,19,2,245,0,0,0,0,0,23,0,443656.0,0,0,0.0
7c01fbcd06c5d86c20bdc893a8caaba7ccb888f9,update requirements,David Lord,2022-09-11 13:33:44+00:00,16,20,36,4,13,6,19,0,0,1,1,0,779,0,325584.0,0,1,0.0
c34c84b69085e6bce67d0701b8f8ba3145f42ff2,Merge branch '2.2.x',David Lord,2022-09-11 13:33:56+00:00,17,21,38,5,13,6,20,0,0,1,1,0,779,0,12.0,0,1,0.0
2c7877123880d44f5d964c7370ed5dd4dbc45ad2,Fix missing assignment in MethodView example (#4815),waffle-stomper,2022-09-14 13:07:20+00:00,1,1,2,1,13,2,52,1,0,0,0,0,1,1,257604.0,0,0,0.0
9c3deeee963e62dfb60c9343fad4ec2ec752fdba,Fix argument in `register_api()` in docs/view.rst (#4818),Maksim Salau,2022-09-14 13:08:38+00:00,1,1,2,1,13,2,57,1,0,0,0,1,1,1,78.0,0,0,0.0
0d8c8ba71bc6362e6ea9af08146dc97e1a0a8abc,"Fix docstring of test_request_context (#4821)

Add missing `app.`.",Yang Yang,2022-09-18 11:53:47+00:00,1,1,2,1,11,6,66,1,0,0,0,1,1,1,341109.0,0,0,1.0
c7da6d74a89753405203e2ee7d19dda74b38b493,"[pre-commit.ci] pre-commit autoupdate

updates:
- [github.com/asottile/pyupgrade: v2.37.3 → v2.38.2](https://github.com/asottile/pyupgrade/compare/v2.37.3...v2.38.2)
- [github.com/asottile/reorder_python_imports: v3.8.2 → v3.8.3](https://github.com/asottile/reorder_python_imports/compare/v3.8.2...v3.8.3)",pre-commit-ci[bot],2022-10-03 23:30:28+00:00,2,2,4,1,23,0,305,0,0,0,0,1,23,0,1337801.0,1,0,0.0
75e92090ee43642ad0608edc8bc5d4dc5e84dec8,fix typo in quickstart,TehBrian,2022-10-05 01:12:13+00:00,1,1,2,1,1,2,22,1,1,0,0,1,1,1,92505.0,1,0,0.0
3dc6db9d0cfddcfb971c382b014bb56ac3761d3c,"Merge pull request #4835 from TehBrian/2.2.x

fix typo in quickstart",David Lord,2022-10-05 03:09:06+00:00,1,1,2,1,3,2,68,1,1,0,0,1,779,0,7013.0,1,0,0.0
5dfd2126a6d5210096ec6ba1ead471b79dc8bd17,Fixed inconsistent double spacing in docs/api.rst,Mat Steininger,2022-10-15 22:34:37+00:00,45,45,90,1,22,5,49,1,0,1,0,1,1,1,933931.0,1,1,0.0
e7c82f9c47083b513b1f1b4cbc383c82c3084669,"Merge pull request #4833 from pallets/pre-commit-ci-update-config

[pre-commit.ci] pre-commit autoupdate",David Lord,2022-10-19 14:16:04+00:00,2,2,4,1,14,2,104,0,0,0,0,1,779,0,315687.0,0,0,0.0
cc66213e579d6b35d9951c21b685d0078f373c44,"Add .svg to select_jinja_autoescape (#4840)

As SVG files are a type of XML file and are similar in nearly 
all aspects to XML, .svg should also be autoescaped.",Jonah Lawrence,2022-10-30 14:55:51+00:00,8,2,10,3,14,6,161,0,0,0,1,1,2,1,952787.0,0,0,0.3333333333333333
79032ca5f1c4747e5aeaa193bdeb2e4eae410ea6,"Add .svg to select_jinja_autoescape (#4840)

As SVG files are a type of XML file and are similar in nearly
all aspects to XML, .svg should also be autoescaped.",Jonah Lawrence,2022-10-30 14:55:51+00:00,8,2,10,3,14,6,159,0,0,0,1,1,2,1,0.0,0,0,0.3333333333333333
2a54cfa5cecf4dd9f17525bf3ebae4d33a155776,Merge pull request #4847 from mhsmathew/patch-1,Grey Li,2022-10-30 15:00:37+00:00,45,45,90,1,15,6,47,1,0,1,0,1,11,0,286.0,0,1,0.0
d7b6c1f6703df405c69da45e7e0ba3d1aed512ce,"Fix subdomain inheritance for nested blueprints.

Fixes #4834",Josh Michael Karamuth,2022-10-31 08:49:16+00:00,56,0,56,2,8,0,61,1,0,1,1,1,1,1,64119.0,0,0,1.0
9daddd12719a098ff33556fcc34c0b7cf33120ca,"[pre-commit.ci] pre-commit autoupdate

updates:
- [github.com/asottile/pyupgrade: v2.38.2 → v3.2.0](https://github.com/asottile/pyupgrade/compare/v2.38.2...v3.2.0)
- [github.com/asottile/reorder_python_imports: v3.8.3 → v3.9.0](https://github.com/asottile/reorder_python_imports/compare/v3.8.3...v3.9.0)
- [github.com/psf/black: 22.8.0 → 22.10.0](https://github.com/psf/black/compare/22.8.0...22.10.0)",pre-commit-ci[bot],2022-11-01 00:06:23+00:00,3,3,6,1,0,1,401,0,0,0,0,1,23,0,55027.0,1,0,0.0
35c6595202c7b46a7d2a082e44250e3bfbe1aa41,Merge pull request #4858 from pallets/pre-commit-ci-update-config,Grey Li,2022-11-01 01:41:21+00:00,3,3,6,1,1,1,65,0,0,0,0,1,11,0,5698.0,1,0,0.0
9f99425aaf3433c892d0aeb941427f0766b02e2d,"[pre-commit.ci] pre-commit autoupdate (#4862)

updates:
- [github.com/peterdemin/pip-compile-multi: v2.4.6 → v2.5.0](https://github.com/peterdemin/pip-compile-multi/compare/v2.4.6...v2.5.0)

Co-authored-by: pre-commit-ci[bot] <66853113+pre-commit-ci[bot]@users.noreply.github.com>",pre-commit-ci[bot],2022-11-08 04:38:32+00:00,1,1,2,1,4,1,280,0,0,0,0,1,23,0,615431.0,1,0,0.0
d178653b5f7a5ee2ba15e215ce60caeeb9ed82e1,update requirements,David Lord,2022-11-25 15:39:54+00:00,39,46,85,12,15,4,19,0,0,1,1,0,779,0,1508482.0,0,1,0.5833333333333334
618fdc86000d161d29bd8de70f998780474cfa28,"Merge pull request #4879 from pallets/requirements

update requirements",David Lord,2022-11-25 15:43:46+00:00,39,46,85,12,15,4,71,0,0,1,1,0,779,0,232.0,0,1,0.5833333333333334
066a35dd322f689ec07d7c0e82b19eacadac3c6b,Merge branch '2.2.x',David Lord,2022-11-25 15:51:37+00:00,86,93,179,13,15,4,20,0,0,1,1,0,779,0,471.0,0,1,0.5384615384615384
d951a763fb90ff3edb5aede5198198ee5d30d44e,Fix backstick not rendering.,Abdur-Rahmaan Janhangeer,2022-11-27 09:51:09+00:00,1,1,2,1,9,6,28,1,0,0,0,0,1,1,151172.0,0,0,0.0
9a294a640141ea8ab108e5c0964d75d91a636c0a,Fix class-based views example,Dosenpfand,2022-11-27 11:53:08+00:00,1,1,2,1,11,6,29,1,0,0,0,1,1,1,7319.0,0,0,0.0
29697fffb4cf4d2f2eafae8ca6c049d530cde1a1,"Merge pull request #4883 from Dosenpfand/doc-extension-dev-2.2.x

Documentation: Fix class-based views example for Extension Development",David Lord,2022-11-27 14:50:46+00:00,1,1,2,1,14,6,136,1,0,0,0,1,779,0,10658.0,0,0,0.0
b5ec83b6970fe94450310d8fecd811a22d6287a7,"Merge pull request #4882 from Abdur-rahmaanJ/patch-4

Fix backtick not rendering.",David Lord,2022-11-27 14:51:08+00:00,1,1,2,1,14,6,81,1,0,0,0,1,779,0,22.0,0,0,0.0
1a68768e6b0aa19bd670ca050ad81adff55ba479,python 2 style inheritance clean up from docs,Asif Saif Uddin,2022-12-01 12:57:08+00:00,2,2,4,1,12,3,45,0,0,0,0,0,1,1,338760.0,0,0,0.0
3e932aa103661e78a0946e15f35b9f4da3908d39,"[pre-commit.ci] pre-commit autoupdate

updates:
- [github.com/asottile/pyupgrade: v3.2.2 → v3.3.0](https://github.com/asottile/pyupgrade/compare/v3.2.2...v3.3.0)",pre-commit-ci[bot],2022-12-06 00:34:53+00:00,1,1,2,1,0,1,161,0,0,0,0,1,23,0,387465.0,1,0,0.0
3d4acf0ca07b8c513bac1f43c25b870ff6c071c9,Merge pull request #4899 from pallets/pre-commit-ci-update-config,Grey Li,2022-12-10 05:42:03+00:00,1,1,2,1,5,5,65,0,0,0,0,1,11,0,364030.0,1,0,0.0
95b666871c7a89f2793952ea06d1c45e0ae5a38a,"Update api.rst

Corrected typo in ""tojson"" example, `const names = {{ names|tojson }};` was `const names = {{ names|tosjon }};`",rayanth,2022-12-13 21:27:38+00:00,1,1,2,1,21,1,127,0,0,0,0,1,1,1,315935.0,0,0,0.0
dcdcac2f3a48d992a94dcc4598dccbd612dae099,"Merge pull request #4907 from rayanth/patch-1

Update api.rst",David Lord,2022-12-14 00:36:49+00:00,1,1,2,1,0,2,61,1,0,0,0,0,779,0,11351.0,1,0,0.0
43ef559de3ecb1915aabe8156f357d7ac4cd22b3,Fix varname in docs,Maxim G. Ivanov,2022-12-21 03:41:11+00:00,1,1,2,1,3,2,19,1,0,0,0,1,5,0,615862.0,1,0,0.0
d36a379a0fa1f83e539da6f305c7fbaa9122e886,Merge pull request #4913 from ivanovmg/fix/var-name,Grey Li,2022-12-22 13:48:45+00:00,1,1,2,1,13,3,51,1,0,0,0,1,11,0,122854.0,0,0,0.0
6fcf6d00bd36f7c3c51115199615dc93c4a3007a,"Fix URL ""committing as you go""",Maxim G. Ivanov,2022-12-22 16:23:23+00:00,1,1,2,1,16,3,30,1,0,0,0,0,5,0,9278.0,0,0,0.0
677a0468481a0f620bdb217e8f1a24ebe94681e5,"Fix URL ""committing as you go""",Maxim G. Ivanov,2022-12-22 16:23:23+00:00,1,1,2,1,16,3,30,1,0,0,0,1,5,0,0.0,0,0,0.0
09112cfc477a270f4b2990e1daf39db1dbe30e98,template_folder type allows pathlib,Maxim G. Ivanov,2022-12-22 17:19:18+00:00,5,3,8,4,17,3,35,0,0,0,1,1,5,0,3355.0,0,1,0.75
43bc7330cece1dbe75e7d6c326a0dea8d5652699,update requirements,David Lord,2022-12-22 17:23:48+00:00,27,25,52,5,17,3,19,0,0,1,1,1,779,0,270.0,0,1,0.0
8e3128b9893ba4ec8d120e1c2f479f61bd10a476,ignore flake8 b905 zip(strict=True) until python 3.10,David Lord,2022-12-22 17:30:31+00:00,2,0,2,1,17,3,53,0,0,0,0,1,779,0,403.0,0,0,0.0
1373f70dc648f9f16032ea1e9b13f3fb59a8f612,"Merge pull request #4922 from pallets/update-requirements

update requirements",David Lord,2022-12-24 17:25:43+00:00,29,25,54,6,17,5,78,0,0,1,1,1,779,0,172512.0,0,1,0.0
55cdb420a02e6d58386f37c748794e05aec0f2d2,"Merge pull request #4926 from pallets/docs-inheritance

python 2 style inheritance clean up from docs",David Lord,2022-12-24 17:36:40+00:00,2,2,4,1,17,5,101,0,0,0,0,0,779,0,657.0,0,0,0.0
d8fe178aa635c8cc584fae86435824bd97595100,"Merge pull request #4920 from ivanovmg/fix/link

Fix URL ""committing as you go""",David Lord,2022-12-24 17:57:53+00:00,1,1,2,1,17,5,79,1,0,0,0,1,779,0,1273.0,0,0,0.0
d9e56c7f4b04b050b28cf90778f44dcb2e0287f4,"Merge pull request #4920 from ivanovmg/fix/link

Fix URL ""committing as you go""",David Lord,2022-12-24 18:07:46+00:00,0,0,0,0,18,5,79,1,0,0,0,1,779,0,593.0,0,0,0.0
631b6dd54619f5e71134297e3daa9bdbd1bc123b,"Merge pull request #4921 from ivanovmg/fix/template_folder

Allow pathlib.Path for template_folder",David Lord,2022-12-24 18:20:56+00:00,5,3,8,4,18,5,98,1,0,0,1,1,779,0,790.0,0,0,0.75
7464e17c5e61a480b65ecff611cd7bb16f80266b,Merge branch '2.2.x',David Lord,2022-12-24 18:21:59+00:00,41,35,76,16,18,5,20,0,0,1,1,1,779,0,63.0,0,1,0.1875
229dcbb5ce3fd935974d923be84ad1bf9efb61e8,"Merge pull request #4779 from greyli/add-debug-to-run

Add `--debug` option to flask run",David Lord,2022-12-24 22:28:21+00:00,15,11,26,10,22,5,88,1,0,1,1,1,779,0,14782.0,1,0,0.1
910179f9b0999685f5594284f0dc1577392034bd,Merge branch '2.2.x',David Lord,2022-12-24 22:31:07+00:00,15,11,26,10,22,5,20,0,0,1,1,1,779,0,166.0,1,0,0.1
4d69165ab6e17fa754139d348cdfd9edacbcb999,revert run debug docs,David Lord,2022-12-29 17:51:34+00:00,10,10,20,7,17,3,21,1,0,1,1,1,779,0,415227.0,0,0,0.0
eeebb5adc7bc30c79975dece8119b82ddc063130,Merge branch '2.2.x',David Lord,2022-12-29 17:51:58+00:00,10,10,20,7,17,3,20,0,0,1,1,1,779,0,24.0,0,0,0.0
74e5263c88e51bb442879ab863a5d03292fc0a33,new run debug docs,David Lord,2022-12-29 17:52:18+00:00,10,10,20,7,17,3,18,1,0,1,1,1,779,0,20.0,0,0,0.0
bb1f83c26586f1aa254d67a67e6b692034b4cb4a,"Bump dessant/lock-threads from 3 to 4

Bumps [dessant/lock-threads](https://github.com/dessant/lock-threads) from 3 to 4.
- [Release notes](https://github.com/dessant/lock-threads/releases)
- [Changelog](https://github.com/dessant/lock-threads/blob/master/CHANGELOG.md)
- [Commits](https://github.com/dessant/lock-threads/compare/v3...v4)

---
updated-dependencies:
- dependency-name: dessant/lock-threads
  dependency-type: direct:production
  update-type: version-update:semver-major
...

Signed-off-by: dependabot[bot] <support@github.com>",dependabot[bot],2023-01-01 16:01:00+00:00,1,1,2,1,16,6,542,0,0,0,0,1,42,0,252522.0,0,0,0.0
fa1ee7066807c21256e90089731c548b313394d2,"Merge pull request #4933 from pallets/dependabot/github_actions/dessant/lock-threads-4

Bump dessant/lock-threads from 3 to 4",David Lord,2023-01-03 15:24:17+00:00,1,1,2,1,15,1,125,0,0,0,0,1,779,0,170597.0,0,0,0.0
cabda5935322d75e7aedb3ee6d59fb7ab62bd674,"Ensure that blueprint subdomains suffix-chain

This ensures that a child's subdomain prefixs any parent subdomain
such that the full domain is child.parent.domain.tld and onwards with
further nesting. This makes the most sense to users and mimics how
url_prefixes work (although subdomains suffix).",pgjones,2023-01-04 16:45:20+00:00,26,4,30,4,16,2,298,1,0,1,1,1,22,0,91263.0,0,1,0.5
836866dc19218832cf02f8b04911060ac92bfc0b,"Merge pull request #4935 from pgjones/subdomain

Fix subdomain inheritance for nested blueprints",David Lord,2023-01-04 21:06:35+00:00,78,0,78,4,21,2,96,1,0,1,1,1,779,0,15675.0,0,1,0.5
a7487701999fee55bb76a393e72c96ac8e277fcf,clarify `View.as_view` docstring,Bhushan Mohanraj,2023-01-07 03:14:03+00:00,2,2,4,1,3,5,32,0,0,0,0,1,1,1,194848.0,1,0,1.0
2a9d16d01189249749324141f0c294b31bf7ba6b,"update tested python versions

test 3.11 final
test 3.12 dev
update for tox 4",David Lord,2023-01-09 18:37:04+00:00,30,38,68,4,18,0,77,0,0,1,1,1,779,0,228181.0,0,0,0.0
4a0f658897dfcb86fad09d0411e74f0658ae72f1,"Merge pull request #4943 from pallets/update-python

update tested python versions",David Lord,2023-01-09 18:42:14+00:00,30,38,68,4,18,0,82,0,0,1,1,1,779,0,310.0,0,0,0.0
8bfc0581e7b81240b3d672da73e9a0a2e848c3b3,"Merge pull request #4942 from bhushan-mohanraj/patch-2

Clarify the docstring for `View.as_view`.",David Lord,2023-01-09 19:11:02+00:00,2,2,4,1,19,0,97,1,0,0,0,0,779,0,1728.0,0,0,1.0
3812a52e96d8dd0630eb3263485bce6da5cda07c,Merge branch '2.2.x',David Lord,2023-01-09 20:39:48+00:00,30,38,68,4,20,0,20,0,0,1,1,1,779,0,5326.0,0,0,0.0
9da947a279d5ed5958609e0b6ec690160c496480,set workflow permissions,David Lord,2023-01-09 20:45:16+00:00,11,4,15,1,20,0,24,0,0,1,0,1,779,0,328.0,0,0,0.0
6d6d986fc502c2c24fe3db0ec0dbb062d053e068,switch to pyproject.toml,David Lord,2023-01-18 17:50:41+00:00,123,141,264,6,17,2,24,0,0,1,1,1,779,0,767125.0,0,1,0.16666666666666666
8f13f5b6d672f1ba434f9c8ebe2c1b1dd385962e,"update docs and examples for pyproject

setup.py -> pyproject.toml
venv -> .venv",David Lord,2023-01-18 18:21:37+00:00,153,195,348,24,18,2,80,0,0,1,1,0,779,0,1856.0,0,1,0.08333333333333333
261e4a6cf287180b69c4db407791e43ce90e50ad,fix flake8 bugbear errors,David Lord,2023-01-18 18:31:08+00:00,17,16,33,3,18,2,25,1,0,1,1,0,779,0,571.0,0,0,0.6666666666666666
99b34f7148b77d4b1311593590629c2bc8e8e772,move and update flake8 config,David Lord,2023-01-18 18:31:08+00:00,33,35,68,6,18,2,29,0,0,1,1,1,779,0,0.0,0,0,0.6666666666666666
78b42b9ac288c20c107a3b6779c322acb45be3d4,"Merge pull request #4947 from pallets/pyproject

switch to pyproject.toml",David Lord,2023-01-18 18:38:38+00:00,282,341,623,32,18,2,73,0,0,1,1,1,779,0,450.0,0,1,0.15625
3a35977d5fbcc424688d32154d250bc0bae918d6,stop ignoring flake8 e402,David Lord,2023-01-19 14:35:15+00:00,3,5,8,3,14,3,25,0,0,0,1,1,779,0,71797.0,0,0,0.6666666666666666
0b4b61146ffca0f7dfc25f1b245df89442293335,"build, provenance, publish workflow",David Lord,2023-01-20 21:45:15+00:00,106,9,115,5,21,4,35,0,0,1,1,0,779,0,112200.0,0,0,0.0
39fc0c6badd3e9d2537c7baa765d9cc80a8a8d47,"Merge pull request #4949 from pallets/publish-workflow

Publish workflow",David Lord,2023-01-20 21:49:30+00:00,139,44,183,11,21,4,72,0,0,1,1,0,779,0,255.0,0,0,0.36363636363636365
ef85270d9ada6d9b25beabb4602047fc91eef2f9,Merge branch '2.2.x',David Lord,2023-01-20 21:50:23+00:00,97,7,104,6,21,4,20,0,0,1,1,0,779,0,53.0,0,0,0.16666666666666666
d93760d8bd6e367faefe9ad550f753e32ef9a12d,Fix function argument name,Andrii Kolomoiets,2023-01-23 15:01:49+00:00,1,1,2,1,15,0,26,1,0,0,0,0,1,1,234686.0,0,0,0.0
94a23a3e24b6736ca3b54773de0ce384270c457a,"Bump actions/setup-python from 4.4.0 to 4.5.0

Bumps [actions/setup-python](https://github.com/actions/setup-python) from 4.4.0 to 4.5.0.
- [Release notes](https://github.com/actions/setup-python/releases)
- [Commits](https://github.com/actions/setup-python/compare/5ccb29d8773c3f3f653e1705f474dfaa8a06a912...d27e3f3d7c64b4bbf8e4abfb9b63b83e846e0435)

---
updated-dependencies:
- dependency-name: actions/setup-python
  dependency-type: direct:production
  update-type: version-update:semver-minor
...

Signed-off-by: dependabot[bot] <support@github.com>",dependabot[bot],2023-02-01 16:01:23+00:00,2,2,4,2,16,2,554,0,0,0,1,1,42,0,781174.0,0,0,0.0
74c256872b5f0be65e9f71b91a73ac4b02647298,"Bump actions/cache from 3.2.3 to 3.2.4

Bumps [actions/cache](https://github.com/actions/cache) from 3.2.3 to 3.2.4.
- [Release notes](https://github.com/actions/cache/releases)
- [Changelog](https://github.com/actions/cache/blob/main/RELEASES.md)
- [Commits](https://github.com/actions/cache/compare/58c146cc91c5b9e778e71775dfe9bf1442ad9a12...627f0f41f6904a5b1efbaed9f96d9eb58e92e920)

---
updated-dependencies:
- dependency-name: actions/cache
  dependency-type: direct:production
  update-type: version-update:semver-patch
...

Signed-off-by: dependabot[bot] <support@github.com>",dependabot[bot],2023-02-01 16:01:30+00:00,1,1,2,1,16,2,582,1,0,0,0,1,42,0,7.0,0,0,0.0
f8228910657f964f15f771e297be37e5a4c0a7b3,"Merge pull request #4958 from pallets/dependabot/github_actions/actions/setup-python-4.5.0

Bump actions/setup-python from 4.4.0 to 4.5.0",David Lord,2023-02-01 16:54:52+00:00,2,2,4,2,16,2,137,0,0,0,1,1,779,0,3202.0,0,0,0.0
88069bd417f5fd0e271a83768391a280267d2994,"Merge pull request #4959 from pallets/dependabot/github_actions/actions/cache-3.2.4

Bump actions/cache from 3.2.3 to 3.2.4",David Lord,2023-02-01 16:55:09+00:00,1,1,2,1,16,2,123,0,0,0,0,1,779,0,17.0,0,0,0.0
9abe28130d4f0aff48b4f9931ebc15bd7617f19f,fix doc,owgreen,2023-02-02 15:43:02+00:00,2,2,4,1,15,3,7,1,0,0,0,1,1,1,82073.0,0,0,0.0
f45bc5995cb33cb47afcd5f2683924e84ef01516,"Merge pull request #4960 from owgreen/fix_appfactories_doc

Fix appfactories doc",David Lord,2023-02-02 17:01:03+00:00,2,2,4,1,17,3,80,1,0,0,0,1,779,0,4681.0,0,0,0.0
3502cc951bc8b16ffb7fc90d8cecf059b214a167,"Merge pull request #4952 from muffinmad/patch-1

Fix function argument name",David Lord,2023-02-02 17:01:21+00:00,1,1,2,1,17,3,75,1,0,0,0,1,779,0,18.0,0,0,0.0
c1d01f69994e87489d04c3218a417f517ab6c88e,"[pre-commit.ci] pre-commit autoupdate

updates:
- [github.com/psf/black: 22.12.0 → 23.1.0](https://github.com/psf/black/compare/22.12.0...23.1.0)",pre-commit-ci[bot],2023-02-07 04:42:52+00:00,1,1,2,1,4,1,145,0,0,0,0,1,23,0,387691.0,1,0,0.0
a15da89dbb4be39be09ed7e5b57a22acfb117e6d,"[pre-commit.ci] auto fixes from pre-commit.com hooks

for more information, see https://pre-commit.ci",pre-commit-ci[bot],2023-02-07 04:43:02+00:00,0,1,1,1,4,1,101,1,0,0,0,1,23,0,10.0,1,0,1.0
dd2423ebdec3b58db0dea58897d321c7c629c1b3,"Merge pull request #4963 from pallets/pre-commit-ci-update-config

[pre-commit.ci] pre-commit autoupdate",David Lord,2023-02-07 15:11:50+00:00,1,2,3,2,15,1,104,0,0,0,1,1,779,0,37728.0,0,0,0.5
4ddb3f73baa5b60ed83d6bb48d0d447a0d8ab492,Merge branch '2.2.x',David Lord,2023-02-07 15:18:54+00:00,3,4,7,3,15,1,20,0,0,0,1,1,779,0,424.0,0,1,0.3333333333333333
dca8cf013b2c0086539697ae6e4515a1c819092c,rewrite celery background tasks docs,David Lord,2023-02-09 01:30:53+00:00,200,70,270,1,1,3,36,0,0,1,0,1,779,0,123119.0,1,1,0.0
428d9430bc69031150a8d50ac8af17cc8082ea4e,Fix command-line formatting,Maxim G. Ivanov,2023-02-09 02:38:57+00:00,2,0,2,1,2,3,27,1,0,0,0,1,5,0,4084.0,1,0,0.0
761e02ef67f9c689d899325dbafb7afdf6e495c6,"Merge pull request #4966 from ivanovmg/fix/cmd-format

Fix command-line formatting",David Lord,2023-02-09 02:44:10+00:00,2,0,2,1,2,3,82,1,0,0,0,1,779,0,313.0,1,0,0.0
3f195248dcd59f8eb08e282b7980dc04b97d7391,add celery example,David Lord,2023-02-09 18:50:57+00:00,313,0,313,9,18,3,18,0,0,1,1,1,779,0,58007.0,0,1,0.4444444444444444
d5527264f0506504fd2fd400192c8f696ce6d979,"Merge pull request #4968 from pallets/docs-celery

rewrite celery docs, add example application",David Lord,2023-02-10 17:35:31+00:00,513,70,583,9,17,4,95,0,0,1,1,1,779,0,81874.0,0,1,0.4444444444444444
ab93222bd6d4ea26e3aa832a0409489530f3f5e0,point to app-scoped blueprint methods,David Lord,2023-02-10 17:58:48+00:00,77,33,110,2,17,4,37,0,0,1,1,0,779,0,1397.0,0,0,1.0
129568f7f4197bdcec9b8eb96f1f4d55f9519c83,"Merge pull request #4971 from pallets/docs-blueprint-app-methods

point to app-scoped blueprint methods",David Lord,2023-02-10 18:42:47+00:00,77,33,110,2,18,4,103,0,0,1,1,0,779,0,2639.0,0,0,1.0
ba2b3094d1a8177059ea68853a48fcd5e90920fe,fix test client arg for query string example,David Lord,2023-02-10 18:50:48+00:00,3,2,5,1,18,4,44,1,0,0,0,0,779,0,481.0,0,0,0.0
f425c117e2a0309da7faa149090936733a65c57c,"Merge pull request #4972 from pallets/docs-push-reqctx

fix test client arg for query string example",David Lord,2023-02-10 18:53:02+00:00,3,2,5,1,18,4,100,1,0,0,0,1,779,0,134.0,0,0,0.0
a6cd8f212e762b8f70e00f3341b27799c0fb657a,document the lifecycle of a flask application and request,David Lord,2023-02-10 22:48:02+00:00,172,2,174,3,22,4,57,0,0,1,1,1,779,0,14100.0,1,1,0.0
b945f988f94fd6f84fef31bd0bb668d71780f78b,"Merge pull request #4973 from pallets/docs-lifetime

document the lifecycle of a flask application and request",David Lord,2023-02-10 22:54:49+00:00,169,0,169,2,22,4,110,0,0,1,1,1,779,0,407.0,1,0,0.0
a18ae3d75271ead93d779f4c950ad5750684c0a0,Merge branch '2.2.x',David Lord,2023-02-10 23:06:38+00:00,764,105,869,15,23,4,20,0,0,1,1,1,779,0,709.0,1,1,0.4
aa040c085c8c560616069f06c34cf796c10b05f1,run latest black format,David Lord,2023-02-10 23:07:24+00:00,2,2,4,1,23,4,23,0,0,0,0,0,779,0,46.0,1,0,1.0
41d4f62909bb426c84e9d057151f7d734695320a,release version 2.2.3,David Lord,2023-02-15 22:20:33+00:00,3,5,8,2,22,2,21,0,0,0,1,1,779,0,429189.0,1,0,0.5
24df8fc89d5659d041b91b30a2ada9de49ec2264,"show 'run --debug' in docs

Reverts commit 4d69165ab6e17fa754139d348cdfd9edacbcb999. Now that a
release has this option, it's ok to show it in the docs. It had been
reverted because the 2.2.x docs showed it before 2.2.3 was released.",David Lord,2023-02-15 22:24:56+00:00,23,15,38,8,22,2,233,1,0,1,1,0,779,0,263.0,1,0,0.0
6a392afbb6404236897ce7c0d02ac78b199e31bb,"Merge pull request #4980 from pallets/release-2.2.3

release version 2.2.3",David Lord,2023-02-15 22:44:24+00:00,26,20,46,10,22,2,74,0,0,1,1,1,779,0,1168.0,1,0,0.1
ed5b240417414cbd0322efa95c91f759928ba154,Merge branch '2.2.x',David Lord,2023-02-15 22:48:09+00:00,16,10,26,4,22,2,20,0,0,1,1,1,779,0,225.0,1,0,0.0
c4c7f504be222c3aca9062656498ec3c72e2b2ad,update dependencies,David Lord,2023-02-16 14:27:25+00:00,47,39,86,6,14,3,19,0,0,1,1,0,779,0,56356.0,0,1,0.16666666666666666
604de4b1dc0729233704a08c32612c6f1221cccb,Merge branch '2.2.x',David Lord,2023-02-16 14:27:41+00:00,47,39,86,6,14,3,20,0,0,1,1,0,779,0,16.0,0,0,0.16666666666666666
b10b6d4af1127fdfb0a74221af0c020ced71fece,add text parameter to config.from_file,AntoineMath,2023-02-22 13:40:49+00:00,23,5,28,4,13,2,38,0,0,1,1,0,1,1,515588.0,0,0,0.5
6650764e9719402de2aaa6f321bdec587699c6b2,remove previously deprecated code,David Lord,2023-02-23 16:35:16+00:00,81,946,1027,16,16,3,33,0,0,1,1,0,779,0,96867.0,0,1,0.8125
1ee22e1736ffd12c2222cd6215ed04ec1592adaa,"Merge pull request #4995 from pallets/remove-deprecated

remove previously deprecated code",David Lord,2023-02-23 16:45:38+00:00,81,946,1027,16,16,3,90,0,0,1,1,0,779,0,622.0,0,1,0.8125
9c02f07f9bb4c88207c2a6860742c452c35d2948,deprecate markupsafe exports,David Lord,2023-02-23 16:55:01+00:00,41,20,61,8,16,3,28,0,0,1,1,0,779,0,563.0,0,0,0.5
704b68948f7bb94a3a4fa15e99243d4ed82081c5,"Merge pull request #4996 from pallets/deprecate-markupsafe-export

deprecate markupsafe exports",David Lord,2023-02-23 16:59:37+00:00,41,20,61,8,16,3,95,0,0,1,1,0,779,0,276.0,0,0,0.5
2a33c1785412075c09f9f55b3e25f2bc995ca461,deprecate got_first_request property,David Lord,2023-02-23 17:28:42+00:00,11,3,14,3,17,3,36,0,0,1,1,0,779,0,1745.0,0,0,0.6666666666666666
fc03d0dfab64945169e1114cdc1fb39519a1e0c1,setup method on registered blueprint is error,David Lord,2023-02-23 17:29:36+00:00,8,13,21,2,17,3,45,1,0,1,1,0,779,0,54.0,0,0,0.5
c690f529f28a8fd7ecdac90939944475613760a5,"Merge pull request #4997 from pallets/deprecate-got_first_request

deprecate `got_first_request`",David Lord,2023-02-23 17:34:17+00:00,19,16,35,4,17,3,96,0,0,1,1,1,779,0,281.0,0,0,0.75
4256fc63044fa0d9c2135443461689b1adaf386d,deprecate locked_cached_property,David Lord,2023-02-23 18:05:57+00:00,22,6,28,4,18,3,32,0,0,1,1,1,779,0,1900.0,0,0,0.75
4c288bc97ea371817199908d0d9b12de9dae327e,"Merge pull request #4998 from pallets/deprecate-locked_cached_property

deprecate `locked_cached_property`",David Lord,2023-02-23 18:59:28+00:00,22,6,28,4,18,3,106,0,0,1,1,1,779,0,3211.0,0,0,0.75
2ad4d8d717dfe1e15b8205a825a5d3a8cb106acc,Merge pull request #4992 from AntoineMath/file_mode,David Lord,2023-02-23 19:13:18+00:00,23,5,28,4,19,3,51,0,0,1,1,0,779,0,830.0,0,0,0.5
736b5f9ff8564dee7e953987c7ef10c58146afa1,update dependencies,David Lord,2023-02-23 23:58:21+00:00,12,12,24,4,23,3,19,0,0,1,1,0,779,0,17103.0,1,0,0.0
5cdfeae2e82541577e17f5179d91775550e34ebd,Merge branch '2.2.x',David Lord,2023-02-23 23:58:29+00:00,12,12,24,4,23,3,20,0,0,1,1,0,779,0,8.0,1,0,0.0
3cdcc729a73766bdb071b8b43a1d60971994db07,"Bump slsa-framework/slsa-github-generator from 1.4.0 to 1.5.0

Bumps [slsa-framework/slsa-github-generator](https://github.com/slsa-framework/slsa-github-generator) from 1.4.0 to 1.5.0.
- [Release notes](https://github.com/slsa-framework/slsa-github-generator/releases)
- [Changelog](https://github.com/slsa-framework/slsa-github-generator/blob/main/CHANGELOG.md)
- [Commits](https://github.com/slsa-framework/slsa-github-generator/compare/v1.4.0...v1.5.0)

---
updated-dependencies:
- dependency-name: slsa-framework/slsa-github-generator
  dependency-type: direct:production
  update-type: version-update:semver-minor
...

Signed-off-by: dependabot[bot] <support@github.com>",dependabot[bot],2023-03-01 16:57:31+00:00,1,1,2,1,16,2,676,0,0,0,0,0,42,0,493142.0,0,0,0.0
b8eb83940cc46e1499f8e4194f688f193232eedb,"Bump actions/cache from 3.2.4 to 3.2.6

Bumps [actions/cache](https://github.com/actions/cache) from 3.2.4 to 3.2.6.
- [Release notes](https://github.com/actions/cache/releases)
- [Changelog](https://github.com/actions/cache/blob/main/RELEASES.md)
- [Commits](https://github.com/actions/cache/compare/627f0f41f6904a5b1efbaed9f96d9eb58e92e920...69d9d449aced6a2ede0bc19182fadc3a0a42d2b0)

---
updated-dependencies:
- dependency-name: actions/cache
  dependency-type: direct:production
  update-type: version-update:semver-patch
...

Signed-off-by: dependabot[bot] <support@github.com>",dependabot[bot],2023-03-01 16:57:34+00:00,1,1,2,1,16,2,582,1,0,0,0,0,42,0,3.0,0,0,0.0
bc3ec352f0b41ff1123de3f2816c657012d7071f,"Merge pull request #5006 from pallets/dependabot/github_actions/actions/cache-3.2.6

Bump actions/cache from 3.2.4 to 3.2.6",David Lord,2023-03-01 17:02:06+00:00,1,1,2,1,17,2,123,0,0,0,0,1,779,0,272.0,0,0,0.0
2f67e0fe4aca8a8d6998b3022150f1e6d6738214,"Merge pull request #5005 from pallets/dependabot/github_actions/slsa-framework/slsa-github-generator-1.5.0

Bump slsa-framework/slsa-github-generator from 1.4.0 to 1.5.0",David Lord,2023-03-01 17:04:40+00:00,1,1,2,1,17,2,169,0,0,0,0,1,779,0,154.0,0,0,0.0
b8b410014d85f9861acc87c5f21c9a55a42d09c9,require a non-empty name for blueprints,Evgeny Mozhaev,2023-03-04 18:09:34+00:00,10,0,10,3,18,5,39,0,0,0,1,0,1,1,263094.0,0,1,0.6666666666666666
0bc6be604d465406c5909b13162e7097ab0ea2f8,"Update installation.rst

The link to Blinker does not work.",martinamca,2023-03-08 18:28:33+00:00,1,1,2,1,18,2,59,0,0,0,0,1,1,1,346739.0,0,0,0.0
a5f30b157df2c62415a2d22758a1e4141ecdc9ed,"Merge pull request #5020 from gultas/patch-1

Update installation.rst",David Lord,2023-03-08 19:04:53+00:00,1,1,2,1,19,2,69,1,0,0,0,0,779,0,2180.0,0,0,0.0
31022056aee5ab24cf485e31a0b48bbd52d96a04,remove broken link,David Lord,2023-03-11 15:29:51+00:00,0,1,1,1,15,5,18,0,0,0,0,1,779,0,246298.0,0,0,0.0
c83f661427a43cef50e202bcc61ced709248791e,"Merge pull request #5024 from pallets/docs-sentry

remove broken link",David Lord,2023-03-11 15:32:12+00:00,0,1,1,1,15,5,69,0,0,0,0,1,779,0,141.0,0,0,0.0
1432cddb139fc3cb64b990b8672d245d805e97d0,update requirements,David Lord,2023-03-11 15:36:51+00:00,17,23,40,6,15,5,19,0,0,1,1,1,779,0,279.0,0,1,0.0
e7f8ae016696a6224d1db5c121bcf0282d528da8,"Merge pull request #5025 from pallets/update-requirements

update requirements",David Lord,2023-03-11 15:41:19+00:00,17,23,40,6,15,5,78,0,0,1,1,0,779,0,268.0,0,1,0.0
c4b39ba2f3fede0555f18fc03b0f2499bb0d424b,replace werkzeug.urls with urllib.parse,David Lord,2023-03-11 16:16:19+00:00,13,4,17,3,16,5,39,0,0,1,1,0,779,0,2100.0,0,0,0.6666666666666666
cac56a2b537d9ea4f4766d686f6a2f7639ad737a,"Merge pull request #5026 from pallets/werkzeug-compat

replace `werkzeug.urls` with `urllib.parse`",David Lord,2023-03-11 16:21:58+00:00,13,4,17,3,16,5,98,0,0,1,1,0,779,0,339.0,0,0,0.6666666666666666
7ee9ceb71e868944a46e1ff00b506772a53a4f1d,Merge branch '2.2.x',David Lord,2023-03-11 16:23:08+00:00,31,29,60,11,16,5,20,0,0,1,1,0,779,0,70.0,0,0,0.18181818181818182
7ed89d3f9d2207c9a607f5dcdce106c0278e1332,"Merge pull request #5014 from evgenymozhaev/require-a-non-empty-name-for-blueprints

Require a non empty name for blueprints",David Lord,2023-03-11 16:34:56+00:00,10,0,10,3,16,5,124,0,0,0,1,0,779,0,708.0,0,0,0.6666666666666666
c67bfe551d016b15d0a2df89c985d8030387bf1e,fix parentheses,lettow-humain,2023-03-17 10:58:49+00:00,1,1,2,1,10,4,15,1,0,0,0,0,1,1,498233.0,0,0,0.0
b626a9387900a9f717eb42765275adc0bf0875e3,"Allow Response subclasses to set default_mimetype as None

This matches the type - see https://github.com/pallets/werkzeug/blob/92c6380248c7272ee668e1f8bbd80447027ccce2/src/werkzeug/sansio/response.py#L94.",Adam Dangoor,2023-03-26 13:38:11+00:00,1,1,2,1,13,6,205,0,0,0,0,1,1,1,787162.0,0,0,1.0
15f2ca2c24c63533219312600942248d3513a670,"Update appfactories.rst

Remove unneeded backticks",Pamela Fox,2023-03-31 19:20:27+00:00,1,1,2,1,19,4,50,0,0,0,0,0,2,1,452536.0,0,0,0.0
29676a273a5b9dc99268850c4fa534f78884cdd3,"Bump pypa/gh-action-pypi-publish from 1.6.4 to 1.8.4

Bumps [pypa/gh-action-pypi-publish](https://github.com/pypa/gh-action-pypi-publish) from 1.6.4 to 1.8.4.
- [Release notes](https://github.com/pypa/gh-action-pypi-publish/releases)
- [Commits](https://github.com/pypa/gh-action-pypi-publish/compare/c7f29f7adef1a245bd91520e94867e5c6eedddcc...29930c9cf57955dc1b98162d0d8bc3ec80d9e75c)

---
updated-dependencies:
- dependency-name: pypa/gh-action-pypi-publish
  dependency-type: direct:production
  update-type: version-update:semver-minor
...

Signed-off-by: dependabot[bot] <support@github.com>",dependabot[bot],2023-04-01 16:57:01+00:00,2,2,4,1,16,5,596,0,0,0,0,0,42,0,77794.0,0,0,0.0
6a6c83789f88715329a79d9cb887e25f8e472e94,"Bump actions/checkout from 3.3.0 to 3.5.0

Bumps [actions/checkout](https://github.com/actions/checkout) from 3.3.0 to 3.5.0.
- [Release notes](https://github.com/actions/checkout/releases)
- [Changelog](https://github.com/actions/checkout/blob/main/CHANGELOG.md)
- [Commits](https://github.com/actions/checkout/compare/ac593985615ec2ede58e132d2e21d2b1cbd6127c...8f4b7f84864484a7bf31766abe9204da3cbe65b3)

---
updated-dependencies:
- dependency-name: actions/checkout
  dependency-type: direct:production
  update-type: version-update:semver-minor
...

Signed-off-by: dependabot[bot] <support@github.com>",dependabot[bot],2023-04-01 16:57:06+00:00,2,2,4,2,16,5,604,0,0,0,1,0,42,0,5.0,0,0,0.0
4909e8ff86508c87ba9a77a4adc602e9288c5141,"Bump actions/cache from 3.2.6 to 3.3.1

Bumps [actions/cache](https://github.com/actions/cache) from 3.2.6 to 3.3.1.
- [Release notes](https://github.com/actions/cache/releases)
- [Changelog](https://github.com/actions/cache/blob/main/RELEASES.md)
- [Commits](https://github.com/actions/cache/compare/69d9d449aced6a2ede0bc19182fadc3a0a42d2b0...88522ab9f39a2ea568f7027eddc7d8d8bc9d59c8)

---
updated-dependencies:
- dependency-name: actions/cache
  dependency-type: direct:production
  update-type: version-update:semver-minor
...

Signed-off-by: dependabot[bot] <support@github.com>",dependabot[bot],2023-04-01 16:57:11+00:00,1,1,2,1,16,5,582,0,0,0,0,0,42,0,5.0,0,0,0.0
e8178f7bfa14ebb02418aa27c6437df19b81b911,"Merge pull request #5039 from pallets/dependabot/github_actions/actions/checkout-3.5.0

Bump actions/checkout from 3.3.0 to 3.5.0",David Lord,2023-04-03 13:18:45+00:00,2,2,4,2,13,0,129,0,0,0,1,0,779,0,159694.0,0,0,0.0
c2688e4f06074a9c6785d26679270718cdef5b03,"Merge pull request #5040 from pallets/dependabot/github_actions/actions/cache-3.3.1

Bump actions/cache from 3.2.6 to 3.3.1",David Lord,2023-04-03 13:18:57+00:00,1,1,2,1,13,0,123,0,0,0,0,0,779,0,12.0,0,0,0.0
a361ef6368a27a8fccad2da227089fc1d05f5678,"Merge pull request #5038 from pallets/dependabot/github_actions/pypa/gh-action-pypi-publish-1.8.4

Bump pypa/gh-action-pypi-publish from 1.6.4 to 1.8.4",David Lord,2023-04-03 13:19:09+00:00,2,2,4,1,13,0,151,0,0,0,0,0,779,0,12.0,0,0,0.0
d2a6f5c572f5275bb8c91286cfd24c2c504cc243,"[pre-commit.ci] pre-commit autoupdate

updates:
- [github.com/psf/black: 23.1.0 → 23.3.0](https://github.com/psf/black/compare/23.1.0...23.3.0)",pre-commit-ci[bot],2023-04-04 06:31:29+00:00,1,1,2,1,6,1,143,0,0,0,0,0,23,0,61940.0,0,0,0.0
c4f754cda37af2af272497000517288a5207e433,"Merge pull request #5041 from pallets/pre-commit-ci-update-config

[pre-commit.ci] pre-commit autoupdate",David Lord,2023-04-04 14:00:49+00:00,1,1,2,1,14,1,104,0,0,0,0,0,779,0,26960.0,0,0,0.0
daf6966c89b280725439d2951beb88640c473154,"Merge pull request #5037 from pamelafox/patch-1

Fix typo in appfactories.rst code block",David Lord,2023-04-05 21:56:26+00:00,1,1,2,1,21,2,88,1,0,0,0,0,779,0,114937.0,0,0,0.0
8239765a4410d13d489e299a99e4a4c6951e190b,allow async signal receivers,pgjones,2023-04-10 09:21:13+00:00,25,12,37,5,9,0,28,0,0,1,1,0,22,0,386687.0,0,1,0.8
a30b6e723c4b58356176cc3f6cf63ce7320250e2,update dependencies,David Lord,2023-04-11 22:33:34+00:00,19,19,38,4,22,1,19,0,0,1,1,1,779,0,133941.0,1,1,0.0
e39d78a0ad544ac0b518ed85fc40c7a92833dee4,Merge branch '2.2.x',David Lord,2023-04-11 22:33:44+00:00,20,20,40,5,22,1,20,0,0,1,1,1,779,0,10.0,1,0,0.0
67c4c7bac2fcd582ebb3474284a7c8a1e737c878,ignore warning from pytest due to change in Python 3.12 alpha,David Lord,2023-04-11 22:34:39+00:00,5,1,6,1,22,1,61,0,0,0,0,1,779,0,55.0,1,0,0.0
04c21387dbc454fb59cae9c9bb21a13358cb5a34,update test cookie handling for Werkzeug 2.3,David Lord,2023-04-12 17:33:52+00:00,49,60,109,4,17,2,44,0,0,1,1,0,779,0,68353.0,0,1,1.0
694183ce22a0f63f5e5020dd799c2bd4dd5272a1,"Merge pull request #5053 from pallets/werkzeug-compat

update test cookie handling for Werkzeug 2.3",David Lord,2023-04-12 17:57:14+00:00,49,60,109,4,17,2,99,0,0,1,1,0,779,0,1402.0,0,0,1.0
fa0ceb62f26579c3c7d9e18926af3e6f3e6e425c,Merge branch '2.2.x',David Lord,2023-04-12 17:57:53+00:00,49,60,109,4,17,2,20,0,0,1,1,0,779,0,39.0,0,0,1.0
c24f8c8199f8ceda7a7cfb5e91773eba595f5b67,no cookie domain by default,David Lord,2023-04-12 19:38:22+00:00,34,125,159,5,19,2,27,0,0,1,1,0,779,0,6029.0,0,0,0.6
c9a5660cfd0be150b598325697f6f19019af0ef8,"Merge pull request #5054 from pallets/session-domain

no cookie domain by default",David Lord,2023-04-12 20:10:34+00:00,34,125,159,5,20,2,81,0,0,1,1,0,779,0,1932.0,0,0,0.6
87698a2d5d67bfd828e268f01884bcbbe33d2076,"Merge pull request #5029 from lettow-humain/main

Appending missing parentheses",David Lord,2023-04-12 20:29:05+00:00,1,1,2,1,20,2,79,0,0,0,0,1,779,0,1111.0,0,0,0.0
e1e4e82096efbf25aa3c65b706aec60f1b00dec7,"Merge pull request #5034 from adamtheturtle/default-mimetype-optional

Allow Response subclasses to set default_mimetype as None",David Lord,2023-04-12 20:43:23+00:00,1,1,2,1,20,2,128,0,0,0,0,1,779,0,858.0,0,0,1.0
9cb1a7a52d7927071e2b737d52f902f006969e82,"blinker is required, signals are always available",David Lord,2023-04-13 14:34:14+00:00,82,168,250,18,14,3,49,0,0,1,1,0,779,0,64251.0,0,1,0.2222222222222222
a05c0c6b7232aac38899234a6c4f071f9005a502,"Merge pull request #5058 from pallets/require-blinker

blinker is required, signals are always available",David Lord,2023-04-13 14:51:11+00:00,82,168,250,18,14,3,104,0,0,1,1,0,779,0,1017.0,0,0,0.2222222222222222
59f81950fe4fb059ad58b8b8c171831ae5214460,"Merge pull request #5049 from pgjones/signals

support async signal subscribers",David Lord,2023-04-13 15:08:27+00:00,25,12,37,5,15,3,79,0,0,1,1,0,779,0,1036.0,0,0,0.8
f7d9956c0f0e9a80b1d345adac191f6ebd0ffee4,use oidc instead of token,David Lord,2023-04-13 15:18:14+00:00,2,2,4,1,15,3,25,0,0,0,0,0,779,0,587.0,0,0,0.0
49498a323b8f5d5399a18dedacdc28d88cc78b83,"Merge pull request #5059 from pallets/oidc-publish

use OIDC instead of token for publishing",David Lord,2023-04-13 15:24:58+00:00,2,2,4,1,15,3,92,0,0,0,0,0,779,0,404.0,0,0,0.0
182ce3dd15dfa3537391c3efaf9c3ff407d134d4,Add a devcontainer configuration (#4969),emisargent,2023-04-13 17:03:49+00:00,75,38,113,3,17,3,40,0,0,1,1,0,1,1,5931.0,0,0,0.0
84c007d34f7f0b8737310fe4d67be12c463e0130,show subdomain or host in routes output,David Lord,2023-04-14 16:34:26+00:00,69,49,118,3,16,4,39,0,0,1,1,0,779,0,84637.0,0,1,0.6666666666666666
6931b252935188744415b301ab2e3d3bd5ee5498,"Merge pull request #5063 from pallets/cli-routes-domain

show subdomain or host in routes output",David Lord,2023-04-14 16:45:20+00:00,69,49,118,3,16,4,96,0,0,1,1,0,779,0,654.0,0,0,0.6666666666666666
9a4d370ea221b13d7fff5e2120007986c08f85fb,fix typo,David Lord,2023-04-15 14:39:35+00:00,1,1,2,1,14,5,8,1,0,0,0,0,779,0,78855.0,0,0,0.0
5bba529dfc9021a3df8fba96658a05f605e20afe,document passthrough_errors,David Lord,2023-04-15 18:53:06+00:00,20,8,28,1,18,5,27,1,0,1,0,1,779,0,15211.0,0,0,0.0
a1d0eda7891917fdea272ac06a85cc2903824d17,"Merge pull request #5066 from pallets/docs-passthrough

document passthrough_errors",David Lord,2023-04-15 18:57:46+00:00,20,8,28,1,18,5,83,1,0,1,0,1,779,0,280.0,0,0,0.0
7e6e68aed91c4c36142f6f1d32c0d74ac75e65be,enforce minimum versions in env,David Lord,2023-04-15 19:20:57+00:00,12,15,27,6,19,5,31,0,0,1,1,1,779,0,1391.0,0,0,0.0
a67195e0598f7fa4481e366527600cf0b46ae78e,update dependencies,David Lord,2023-04-15 19:25:09+00:00,7,9,16,5,19,5,19,0,0,1,1,1,779,0,252.0,0,0,0.0
db7d2d2d685c004ea8da6cbcc7c56ecc36276632,"Merge pull request #5067 from pallets/tox-constraints

use tox 4.4 constraint feature",David Lord,2023-04-15 19:27:24+00:00,19,24,43,8,19,5,85,0,0,1,1,1,779,0,135.0,0,0,0.0
cfa863c357c4a40cfc11fe1b9a4f36d8e75cf52f,Merge branch '2.2.x',David Lord,2023-04-15 19:30:20+00:00,39,20,59,10,19,5,20,0,0,1,1,0,779,0,176.0,0,0,0.0
44ffe6c6d6c90a414de32db1b03d5978f8770271,add __future__ annotations,David Lord,2023-04-20 15:30:45+00:00,277,262,539,19,15,3,26,0,0,1,1,0,779,0,417625.0,0,1,0.9473684210526315
a4ea5df5d565128118b6ceaaf372233eef23e238,"Merge pull request #5071 from pallets/future-annotations

use postponed evaluation of annotations",David Lord,2023-04-20 16:36:51+00:00,277,262,539,19,16,3,97,0,0,1,1,0,779,0,3966.0,0,1,0.9473684210526315
f139024b1ca637cc6df694f49817bdb8ec294561,remove old links,David Lord,2023-04-20 16:53:38+00:00,0,5,5,3,16,3,16,0,0,0,1,0,779,0,1007.0,0,0,0.3333333333333333
9659b11a45281662c6aa1194dc95b46b1f566ba6,remove pypy 3.8 and 3.7 from tests,David Lord,2023-04-20 17:05:53+00:00,3,3,6,2,17,3,34,0,0,0,1,0,779,0,735.0,0,0,0.0
2e8fe7b2f2b541a60c90c625446647b22c5cacc2,drop support for python 3.7,David Lord,2023-04-20 18:07:30+00:00,19,40,59,14,18,3,27,0,0,1,1,0,779,0,3697.0,0,0,0.2857142857142857
b4345cb4eb692c58d00579543228946ee5ad7510,"Merge pull request #5072 from pallets/drop-py37

drop support for Python 3.7",David Lord,2023-04-20 18:11:52+00:00,19,40,59,14,18,3,76,0,0,1,1,0,779,0,262.0,0,0,0.2857142857142857
83d777bebfb3031de51d458b47d06e8e612f3a3d,use new logo,David Lord,2023-04-20 18:34:48+00:00,11,503,514,13,18,3,12,0,0,1,1,0,779,0,1376.0,0,1,0.07692307692307693
2b2a7641430bc7d40dba3c8d701636fc9b16530c,"Merge pull request #5073 from pallets/new-logo

use new logo",David Lord,2023-04-20 18:49:26+00:00,11,503,514,13,18,3,60,0,0,1,1,0,779,0,878.0,0,1,0.07692307692307693
d48deba27331f11e19599af2a5b6e64476fd90da,Remove double period in signals documentation page,EtiennePelletier,2023-04-24 17:06:27+00:00,1,1,2,1,17,0,50,0,0,0,0,0,1,1,339421.0,0,0,0.0
0c5f18ab9168f9b7a8f3a6fa6509c8b20ac8720d,"Merge pull request #5077 from EtiennePelletier/master

Remove double period in signals documentation page",David Lord,2023-04-24 18:21:42+00:00,1,1,2,1,18,0,105,0,0,0,0,0,779,0,4515.0,0,0,0.0
427e5dc4f3d82b67a75f4be21360818fd4fbf05e,update dev env,David Lord,2023-04-25 17:00:01+00:00,1,1,2,1,17,1,14,0,0,0,0,0,779,0,81499.0,0,0,0.0
74e03298200e33951ca350a35aa3a8c0b4ff8177,release version 2.2.4,David Lord,2023-04-25 17:02:28+00:00,2,2,4,2,17,1,21,0,0,0,1,0,779,0,147.0,0,0,0.5
2d460685b1b3d66c713739ee91183c22fb2e5dc8,update dev env,David Lord,2023-04-25 17:06:20+00:00,1,1,2,1,17,1,14,0,0,0,0,0,779,0,232.0,0,0,0.0
64bc45874daf4b9828830ea0037a19beb8364ee3,update dev dependencies,David Lord,2023-04-25 17:40:57+00:00,8,8,16,4,17,1,23,0,0,1,1,0,779,0,2077.0,0,1,0.0
cd1b68cf6ebb214bfc8cf9bc233c593f15580172,Merge branch '2.2.x',David Lord,2023-04-25 17:41:20+00:00,8,8,16,4,17,1,20,0,0,1,1,0,779,0,23.0,0,0,0.0
ddc7accaa2e83b328f969c120af2ce0804876b4a,"Merge pull request #5081 from pallets/release-2.2.4

release version 2.2.4",David Lord,2023-04-25 17:53:09+00:00,3,3,6,3,17,1,74,0,0,0,1,0,779,0,709.0,0,0,0.3333333333333333
73739a29f4c16cf539b57e711a4ea2a686cd707a,Merge branch '2.2.x',David Lord,2023-04-25 17:55:41+00:00,1,1,2,1,17,1,20,0,0,0,0,0,779,0,152.0,0,0,0.0
79ebf6c39cba01b240a926b899b7d0828e63fc4b,update minimum requirements,David Lord,2023-04-25 18:27:06+00:00,16,14,30,5,18,1,27,0,0,1,1,0,779,0,1885.0,0,1,0.2
eb33b8c8096322becac743fb6eb466aebf7af6b9,"Merge pull request #5082 from pallets/minimum-requirements

update minimum requirements",David Lord,2023-04-25 18:33:30+00:00,16,14,30,5,18,1,87,0,0,1,1,0,779,0,384.0,0,0,0.2
8728c3e4cd4e929a4327d917acd4b96c75f963d0,release version 2.3.0,David Lord,2023-04-25 18:35:06+00:00,2,2,4,2,18,1,21,0,0,0,1,0,779,0,96.0,0,0,0.5
5f4072423ec6ee0c71d5995bec41e59d044e7737,"Merge pull request #5083 from pallets/release-2.3.0

release version 2.3.0",David Lord,2023-04-25 18:42:22+00:00,2,2,4,2,18,1,74,0,0,0,1,0,779,0,436.0,0,0,0.5
0ec9192cf25f5187d6521f2539489fa8d55336bb,fix importing Markup from flask,Lucas Werkmeister,2023-04-25 19:10:05+00:00,3,1,4,2,19,1,31,1,0,0,1,0,1,1,1663.0,0,0,0.5
345f18442ceb29f9e365af99fc85bdc5986323d2,start version 2.3.1,David Lord,2023-04-25 19:48:16+00:00,7,1,8,2,19,1,19,0,0,0,1,0,779,0,2291.0,0,0,0.5
0867dce42c1a193bfe7fb5f92f0ccaa622643f48,"Merge pull request #5085 from lucaswerkmeister/patch-1

Fix importing Markup from flask",David Lord,2023-04-25 20:06:22+00:00,3,1,4,2,20,1,87,1,0,0,1,1,779,0,1086.0,0,0,0.5
721abdc3810057269503a72d2db80fb826f3c85c,release version 2.3.1,David Lord,2023-04-25 20:08:38+00:00,2,2,4,2,20,1,21,0,0,0,1,1,779,0,136.0,0,0,0.5
f07fb2b607c1eaa724ca9bfe43e2dc20d97d34de,"Merge pull request #5086 from pallets/release-2.3.1

release version 2.3.1",David Lord,2023-04-25 21:21:36+00:00,2,2,4,2,21,1,74,0,0,0,1,1,779,0,4378.0,0,0,0.5
8646edca6f47e2cd57464081b3911218d4734f8d,set `Vary: Cookie` header consistently for session,David Lord,2023-05-01 15:01:32+00:00,30,4,34,3,15,0,50,0,0,1,1,0,779,0,495596.0,0,1,0.6666666666666666
8705dd39c4fa563ea0fe0bf84c85da8fcc98b88d,set `Vary: Cookie` header consistently for session,David Lord,2023-05-01 15:01:32+00:00,29,4,33,2,15,0,50,0,0,1,1,1,779,0,0.0,0,1,1.0
0bc7356ce1ae11e633426902aba76d525f4523da,start version 2.3.2,David Lord,2023-05-01 15:02:46+00:00,7,1,8,2,15,0,19,0,0,0,1,1,779,0,74.0,0,0,0.5
9532cba45d2339e90ebf04f178b1e4f2064e7328,fix mypy finding,David Lord,2023-05-01 15:10:25+00:00,1,1,2,1,15,0,16,1,0,0,0,0,779,0,459.0,0,0,1.0
70f906c51ce49c485f1d355703e9cc3386b1cc2b,"Merge pull request from GHSA-m2qf-hxjv-5gpq

set `Vary: Cookie` header consistently for session",David Lord,2023-05-01 15:11:41+00:00,29,4,33,2,15,0,95,0,0,1,1,1,779,0,76.0,0,0,1.0
37badc3ce8b0665e3454547839196a676729309f,update changelog,David Lord,2023-05-01 15:13:12+00:00,3,0,3,1,15,0,16,0,0,0,0,1,779,0,91.0,0,0,0.0
e1aedecdc689cc9a79131851dbdabf6c3bc49c9e,update werkzeug,David Lord,2023-05-01 15:18:03+00:00,10,20,30,3,15,0,15,0,0,1,1,0,779,0,291.0,0,0,0.3333333333333333
adedb2a64ea7703369bc89021710b439ee79f8dc,"Merge pull request #5101 from pallets/update-werkzeug

update werkzeug to >=2.3.3",David Lord,2023-05-01 15:22:58+00:00,10,20,30,3,15,0,81,0,0,1,1,0,779,0,295.0,0,0,0.3333333333333333
f3b8f570545200c87465d18386f3fc9f2258307a,release version 2.3.2,David Lord,2023-05-01 15:32:16+00:00,2,2,4,2,15,0,21,0,0,0,1,0,779,0,558.0,0,0,0.5
c990bba94ab9bc81adf2d33e83c9a9628a2098f2,update min test env,David Lord,2023-05-01 15:35:01+00:00,3,3,6,2,15,0,19,0,0,0,1,0,779,0,165.0,0,0,0.0
4cf8b78c6c674048a393acf0280f08761a5cb2a5,"Merge pull request #5102 from pallets/release-2.3.2

release version 2.3.2",David Lord,2023-05-01 15:42:27+00:00,5,5,10,4,15,0,74,0,0,0,1,0,779,0,446.0,0,0,0.25
0afeb1d11cad9aa42ef25cc20b10dcd67c8cf3c9,fix release date,David Lord,2023-05-01 16:01:40+00:00,1,1,2,1,16,0,16,1,0,0,0,0,779,0,1153.0,0,0,0.0
b7b753b96c36f0704c7c2729f6564aa6c34797a6,"Bump actions/setup-python from 4.5.0 to 4.6.0

Bumps [actions/setup-python](https://github.com/actions/setup-python) from 4.5.0 to 4.6.0.
- [Release notes](https://github.com/actions/setup-python/releases)
- [Commits](https://github.com/actions/setup-python/compare/d27e3f3d7c64b4bbf8e4abfb9b63b83e846e0435...57ded4d7d5e986d7296eab16560982c6dd7c923b)

---
updated-dependencies:
- dependency-name: actions/setup-python
  dependency-type: direct:production
  update-type: version-update:semver-minor
...

Signed-off-by: dependabot[bot] <support@github.com>",dependabot[bot],2023-05-01 16:57:10+00:00,2,2,4,2,16,0,554,0,0,0,1,1,42,0,3330.0,0,0,0.0
ec8ca69195174a6526a6006d804841c0124eeccf,"Bump pypa/gh-action-pypi-publish from 1.8.4 to 1.8.5

Bumps [pypa/gh-action-pypi-publish](https://github.com/pypa/gh-action-pypi-publish) from 1.8.4 to 1.8.5.
- [Release notes](https://github.com/pypa/gh-action-pypi-publish/releases)
- [Commits](https://github.com/pypa/gh-action-pypi-publish/compare/29930c9cf57955dc1b98162d0d8bc3ec80d9e75c...0bf742be3ebe032c25dd15117957dc15d0cfc38d)

---
updated-dependencies:
- dependency-name: pypa/gh-action-pypi-publish
  dependency-type: direct:production
  update-type: version-update:semver-patch
...

Signed-off-by: dependabot[bot] <support@github.com>",dependabot[bot],2023-05-01 16:57:14+00:00,2,2,4,1,16,0,596,1,0,0,0,1,42,0,4.0,0,0,0.0
1e160c199bc5e76133e77f7cf0a16d21ae956078,"Merge pull request #5105 from pallets/dependabot/github_actions/actions/setup-python-4.6.0

Bump actions/setup-python from 4.5.0 to 4.6.0",David Lord,2023-05-01 17:17:25+00:00,2,2,4,2,17,0,137,0,0,0,1,1,779,0,1211.0,0,0,0.0
dcd25d8f07be14508c7f8182d9f9cc4365eb96fe,"Bump actions/checkout from 3.5.0 to 3.5.2

Bumps [actions/checkout](https://github.com/actions/checkout) from 3.5.0 to 3.5.2.
- [Release notes](https://github.com/actions/checkout/releases)
- [Changelog](https://github.com/actions/checkout/blob/main/CHANGELOG.md)
- [Commits](https://github.com/actions/checkout/compare/8f4b7f84864484a7bf31766abe9204da3cbe65b3...8e5e7e5ab8b370d6c329ec480221332ada57f0ab)

---
updated-dependencies:
- dependency-name: actions/checkout
  dependency-type: direct:production
  update-type: version-update:semver-patch
...

Signed-off-by: dependabot[bot] <support@github.com>",dependabot[bot],2023-05-01 17:18:16+00:00,2,2,4,2,17,0,604,1,0,0,1,1,42,0,51.0,0,0,0.0
723091b903c0a355bbb67778b3236317e5aff3f7,"Merge pull request #5104 from pallets/dependabot/github_actions/actions/checkout-3.5.2

Bump actions/checkout from 3.5.0 to 3.5.2",David Lord,2023-05-01 17:21:02+00:00,2,2,4,2,17,0,129,0,0,0,1,1,779,0,166.0,0,0,0.0
7b31099252cca1d7a5fab121cb646f78538ad7bb,"Merge pull request #5106 from pallets/dependabot/github_actions/pypa/gh-action-pypi-publish-1.8.5

Bump pypa/gh-action-pypi-publish from 1.8.4 to 1.8.5",David Lord,2023-05-01 17:22:01+00:00,2,2,4,1,17,0,151,0,0,0,0,1,779,0,59.0,0,0,0.0
726d3f4fa9e8a2960541debc2d2713571da54441,start version 2.2.5,David Lord,2023-05-02 13:56:08+00:00,7,1,8,2,13,1,19,0,0,0,1,1,779,0,74047.0,0,0,0.5
3fbfbad79fe294918459b70eb409d555b20de2c8,werkzeug 2.3.3 compatibility,David Lord,2023-05-02 14:05:51+00:00,16,3,19,2,14,1,28,0,0,1,1,0,779,0,583.0,0,1,0.5
a6367dac747c1e149c60767eee7e8aa9c281c58e,"Merge pull request #5108 from pallets/werkzeug-compat

werkzeug 2.3.3 compatibility",David Lord,2023-05-02 14:12:59+00:00,16,3,19,2,14,1,83,0,0,1,1,0,779,0,428.0,0,0,0.5
ca12e8ebb7753d4a982584c2909ad9c7e5c2b029,update dependencies,David Lord,2023-05-02 14:17:52+00:00,15,13,28,4,14,1,19,0,0,1,1,0,779,0,293.0,0,0,0.0
afd63b16170b7c047f5758eb910c416511e9c965,"Merge pull request #5109 from pallets/backport-vary-cookie

backport 2.2.x: set `Vary: Cookie` header consistently for session",David Lord,2023-05-02 14:18:08+00:00,30,4,34,3,14,1,126,0,0,1,1,0,779,0,16.0,0,0,0.6666666666666666
47af817c8fe01045c641b97f8fb784c7ad864eee,release version 2.2.5,David Lord,2023-05-02 14:35:27+00:00,2,2,4,2,14,1,21,0,0,0,1,0,779,0,1039.0,0,0,0.5
bda08b11c692a5c94124b11749c1af6fa5c0e003,"Merge pull request #5110 from pallets/release-2.2.5

release version 2.2.5",David Lord,2023-05-02 14:43:48+00:00,2,2,4,2,14,1,74,0,0,0,1,0,779,0,501.0,0,0,0.5
97c830190ff839b89b85c93781f3603f95365384,Merge branch '2.2.x' into 2.3.x,David Lord,2023-05-02 14:50:30+00:00,9,0,9,1,14,1,31,0,0,0,0,0,779,0,402.0,0,0,0.0
e374853c75e49c950195a57de8e19308db5bf902,Merge branch '2.3.x',David Lord,2023-05-02 14:52:49+00:00,24,13,37,5,14,1,20,0,0,1,1,0,779,0,139.0,0,1,0.0
1d7281fe0770a97229a2a75189a712cff866b448,"remove egg test

eggs aren't supported, and Python 3.12 removes setuptools",David Lord,2023-05-02 16:53:31+00:00,1,56,57,3,16,1,74,0,0,1,1,0,779,0,7242.0,0,1,1.0
0a00e1b6085f62fb776a95ef676ea661bff565f6,use tmp_path instead of tmpdir,David Lord,2023-05-02 17:38:27+00:00,59,64,123,4,17,1,30,0,0,1,1,0,779,0,2696.0,0,1,1.0
859d63902e5c9549fda4c167e9787a42c0136413,"Merge pull request #5111 from pallets/update-tests

update tests",David Lord,2023-05-02 17:41:41+00:00,59,119,178,5,17,1,64,0,0,1,1,0,779,0,194.0,0,1,1.0
57e926c7916ef5fd7d4abac965273ea185e497d2,Merge branch '2.3.x',David Lord,2023-05-02 17:42:04+00:00,59,119,178,5,17,1,20,0,0,1,1,0,779,0,23.0,0,0,1.0
4911012cf426af25668e5d9beb756a732ca1a4f4,"update workflows

update publish parameter names
remove pip update",David Lord,2023-05-09 19:37:33+00:00,3,8,11,2,19,1,66,0,0,0,1,0,779,0,611729.0,0,0,0.0
d0bf462866289ad8bfe29b6e4e1e0f531003ab34,Merge branch '2.3.x',David Lord,2023-05-09 19:38:00+00:00,3,8,11,2,19,1,20,0,0,0,1,0,779,0,27.0,0,0,0.0
2abb7513dc52e9d9f2c73dde91f3b89d8f9492e4,"Allow for PathLike types for config file variables

This follows the Flask practice elsewhere and makes it clear PathLike
filenames are valid.",pgjones,2023-05-14 15:09:25+00:00,5,3,8,1,15,6,142,0,0,0,0,0,22,0,415885.0,0,0,1.0
b80baaf35985a9a48f2db903a21b6ee7e7cc7340,"Merge pull request #5126 from pgjones/pathlike

Allow for PathLike types for config file variables",David Lord,2023-05-14 16:43:35+00:00,5,3,8,1,16,6,98,0,0,0,0,0,779,0,5650.0,0,0,1.0
55332be325a9f1a5882a309951f1f7db510036dd,docs: fix wrong JS syntax (#5136),Pedro Guilherme S. Moreira,2023-05-18 12:33:44+00:00,2,2,4,1,12,3,33,1,0,0,0,0,1,1,330609.0,0,0,0.0
0f477df86a8c953cb5e4df0bd90266345140b114,"Config from Data Files to match from_file API

In the API docs using a TOML file to load config is referred to as https://flask.palletsprojects.com/en/2.3.x/api/#flask.Config.from_file

To keep docs consistent a small change to the config docs.",Jeroendevr,2023-05-24 09:13:36+00:00,2,2,4,1,9,2,246,0,0,0,0,1,1,1,506392.0,0,0,0.0
ae07dead24d5aa81b4ee9e3f0550eabb173f5455,Merge pull request #5140 from Jeroendevr/patch-1,David Lord,2023-05-31 16:14:56+00:00,2,2,4,1,16,2,48,1,0,0,0,1,779,0,630080.0,0,0,0.0
e7264776bd1373e6283407a75f287b309eeebbae,update dependencies,David Lord,2023-05-31 16:17:51+00:00,17,17,34,5,16,2,19,0,0,1,1,1,779,0,175.0,0,1,0.0
38f02e04f4765a2820a2ed4f63ac757598cb02e4,update metadata,David Lord,2023-05-31 16:18:33+00:00,0,1,1,1,16,2,15,0,0,0,0,1,779,0,42.0,0,0,0.0
31fd9c87912a7020a00d83d2135559433173708c,Merge branch '2.3.x',David Lord,2023-05-31 16:19:14+00:00,26,25,51,9,16,2,20,0,0,1,1,1,779,0,41.0,0,1,0.1111111111111111
40f31c307848e560336fc8b336fbc2fdc1a478ee,"Bump slsa-framework/slsa-github-generator from 1.5.0 to 1.6.0

Bumps [slsa-framework/slsa-github-generator](https://github.com/slsa-framework/slsa-github-generator) from 1.5.0 to 1.6.0.
- [Release notes](https://github.com/slsa-framework/slsa-github-generator/releases)
- [Changelog](https://github.com/slsa-framework/slsa-github-generator/blob/main/CHANGELOG.md)
- [Commits](https://github.com/slsa-framework/slsa-github-generator/compare/v1.5.0...v1.6.0)

---
updated-dependencies:
- dependency-name: slsa-framework/slsa-github-generator
  dependency-type: direct:production
  update-type: version-update:semver-minor
...

Signed-off-by: dependabot[bot] <support@github.com>",dependabot[bot],2023-06-01 16:56:43+00:00,1,1,2,1,16,3,676,0,0,0,0,0,42,0,88649.0,0,0,0.0
fc74a114b3afe87284467f2ccdbeb7a4a8badbc4,"Bump pypa/gh-action-pypi-publish from 1.8.5 to 1.8.6

Bumps [pypa/gh-action-pypi-publish](https://github.com/pypa/gh-action-pypi-publish) from 1.8.5 to 1.8.6.
- [Release notes](https://github.com/pypa/gh-action-pypi-publish/releases)
- [Commits](https://github.com/pypa/gh-action-pypi-publish/compare/0bf742be3ebe032c25dd15117957dc15d0cfc38d...a56da0b891b3dc519c7ee3284aff1fad93cc8598)

---
updated-dependencies:
- dependency-name: pypa/gh-action-pypi-publish
  dependency-type: direct:production
  update-type: version-update:semver-patch
...

Signed-off-by: dependabot[bot] <support@github.com>",dependabot[bot],2023-06-01 16:56:46+00:00,2,2,4,1,16,3,596,1,0,0,0,0,42,0,3.0,0,0,0.0
18e703bc9341b8066e2b277af5d37b13f5bd3aef,"Bump actions/setup-python from 4.6.0 to 4.6.1

Bumps [actions/setup-python](https://github.com/actions/setup-python) from 4.6.0 to 4.6.1.
- [Release notes](https://github.com/actions/setup-python/releases)
- [Commits](https://github.com/actions/setup-python/compare/57ded4d7d5e986d7296eab16560982c6dd7c923b...bd6b4b6205c4dbad673328db7b31b7fab9e241c0)

---
updated-dependencies:
- dependency-name: actions/setup-python
  dependency-type: direct:production
  update-type: version-update:semver-patch
...

Signed-off-by: dependabot[bot] <support@github.com>",dependabot[bot],2023-06-01 16:56:50+00:00,2,2,4,2,16,3,554,1,0,0,1,1,42,0,4.0,0,0,0.0
c49757a4592f2fbd7ecfa4daccbfe8a4ec14c1e6,Bump slsa-framework/slsa-github-generator from 1.5.0 to 1.6.0 (#5148),David Lord,2023-06-01 18:46:49+00:00,1,1,2,1,18,3,69,0,0,0,0,1,779,0,6599.0,0,0,0.0
fb20cbbf1efbf7dd384171b9cd2587c234f15ddf,Bump pypa/gh-action-pypi-publish from 1.8.5 to 1.8.6 (#5149),David Lord,2023-06-01 18:47:53+00:00,2,2,4,1,18,3,60,0,0,0,0,1,779,0,64.0,0,0,0.0
a3e4013f893831adb8c9f2947c29dfeeb47d2145,Bump actions/setup-python from 4.6.0 to 4.6.1 (#5150),David Lord,2023-06-01 18:49:16+00:00,2,2,4,2,18,3,53,0,0,0,1,1,779,0,83.0,0,0,0.0
32d2f47ed1bf3f27fd46e1a54dd136688de9ab81,"[pre-commit.ci] pre-commit autoupdate

updates:
- https://github.com/asottile/reorder_python_imports → https://github.com/asottile/reorder-python-imports",pre-commit-ci[bot],2023-06-06 04:21:31+00:00,1,1,2,1,4,1,153,0,0,0,0,0,23,0,379935.0,1,0,0.0
7dbb2f7e05d2c0963e90016b1f7a3a45e98a865a,retarget pre-commit.ci,David Lord,2023-06-06 16:25:47+00:00,1,1,2,1,16,1,22,0,0,0,0,0,779,0,43456.0,0,0,0.0
c9b6110dec52ff483b42b1428221f903bf143788,Merge branch '2.3.x',David Lord,2023-06-06 16:26:05+00:00,1,1,2,1,16,1,20,0,0,0,0,0,779,0,18.0,0,0,0.0
d614d6bf8c7b6db6f817648836f9044b13dc42b4,ignore pytest ast warnings,David Lord,2023-06-06 16:30:34+00:00,2,2,4,1,16,1,26,0,0,0,0,0,779,0,269.0,0,0,0.0
2be71d323d87ec5e9f269666f8d08ec5af77eeb8,[pre-commit.ci] pre-commit autoupdate (#5154),David Lord,2023-06-07 19:53:30+00:00,3,3,6,2,19,2,45,0,0,0,1,0,779,0,98576.0,0,0,0.0
84e11a1e827c0f55f9b9ee15952eddcf8a6492e0,use importlib instead of pkgutil,David Lord,2023-06-07 20:07:41+00:00,7,4,11,3,20,2,32,0,0,0,1,0,779,0,851.0,0,1,0.6666666666666666
ed8ddb6a3a14ae332823b0a266b02a5ef024cbb3,update werkzeug to 2.3.5,David Lord,2023-06-07 20:09:07+00:00,5,4,9,4,20,2,24,0,0,0,1,0,779,0,86.0,0,0,0.0
367e1df785a71e9004d9a87a221652bfc5a964ac,start version 2.3.3,David Lord,2023-06-07 20:10:39+00:00,7,1,8,2,20,2,19,0,0,0,1,0,779,0,92.0,0,0,0.5
9930b0fe8e739ceb312f9554f9d41b73c2aaa733,Python 3.12 compatibility (#5157),David Lord,2023-06-07 20:21:49+00:00,12,8,20,6,20,2,33,0,0,1,1,0,779,0,670.0,0,0,0.3333333333333333
935ee742b49cfcda876eaf366d53bf150bcafd44,Merge branch '2.3.x',David Lord,2023-06-07 20:22:15+00:00,22,12,34,8,20,2,20,0,0,1,1,0,779,0,26.0,0,1,0.375
c8cf4694c60f0d81809468a1b45ec730496cc546,unpin sphinx and sphinx-tabs,David Lord,2023-06-08 21:33:16+00:00,9,11,20,2,21,3,28,0,0,1,1,0,779,0,90661.0,0,0,0.0
4d6ae8273a54e3407ab5046fc0856a9d40097e74,Merge branch '2.3.x',David Lord,2023-06-08 21:33:28+00:00,9,11,20,2,21,3,20,0,0,1,1,0,779,0,12.0,0,0,0.0
bda295d37fa3809c95a93d01dd605d0222109889,fix use of importlib.util.find_spec,David Lord,2023-06-09 16:34:42+00:00,39,81,120,3,16,4,35,1,0,1,1,0,779,0,68474.0,0,1,0.6666666666666666
4be9f521425b7ad659b182c319dc3afb8fe64f53,fix use of `importlib.util.find_spec` (#5161),David Lord,2023-06-09 16:38:59+00:00,39,81,120,3,16,4,45,1,0,1,1,1,779,0,257.0,0,0,0.6666666666666666
8e33b7b3e254f2a93101bcce21f85ff203831a4c,update werkzeug requirement,David Lord,2023-06-09 16:41:17+00:00,2,2,4,2,16,4,27,0,0,0,1,1,779,0,138.0,0,0,0.0
4bcd4be6b7d69521115ef695a379361732bcaea6,Merge branch '2.3.x',David Lord,2023-06-09 16:41:25+00:00,41,83,124,4,16,4,20,0,0,1,1,1,779,0,8.0,0,0,0.5
a64588f87a2bd7ba557814ec039e3b2af2ce842d,"Move file to sansio

This is preperation for refactoring the files so that there are sansio
and flask specific versions. This structure follows the Werkzeug
structure/pattern.",pgjones,2023-06-10 11:42:24+00:00,0,0,0,3,11,5,175,0,0,0,1,0,22,0,68459.0,0,0,1.0
0ec7f713d679ceed2c605e62ac5d38d579f29fa0,"Split the App and Blueprint into Sansio and IO parts

This follows a similar structure in Werkzeug and allows for async
based IO projects, specifically Quart, to base themselves on
Flask.

Note that the globals, and signals are specific to Flask and hence
specific to Flask's IO. This means they cannot be moved to the sansio
part of the codebase.",pgjones,2023-06-11 14:03:45+00:00,1622,1353,2975,10,14,6,347,0,0,1,1,0,22,0,94881.0,0,1,1.0
a7ae372f2f58343a7eb56209f29eb9879e171b58,update import of declarative_base from SQLAlchemy,mohammad m. moniri,2023-06-21 14:54:33+00:00,1,2,3,1,14,2,49,0,0,0,0,1,1,1,867048.0,0,0,0.0
ec2b2394dccb02dac919b024608e9980f16459f6,update import of declarative_base from SQLAlchemy (#5171),David Lord,2023-06-21 16:32:37+00:00,1,2,3,1,16,2,57,0,0,0,0,0,779,0,5884.0,0,0,0.0
aca7d5637d0c1c95b961e3396039869c6e981e23,update dependencies,David Lord,2023-06-27 14:11:22+00:00,17,19,36,7,14,1,19,0,0,1,1,0,779,0,509925.0,0,0,0.0
cc55d7b3cfb816575beef1011693f5cae6c2d3b5,Merge branch '2.3.x',David Lord,2023-06-27 14:11:37+00:00,18,21,39,8,14,1,20,0,0,1,1,0,779,0,15.0,0,0,0.0
8933d7544395aeaa91c66d9f26d10b4fe2e92d7b,update pypy test version,David Lord,2023-06-27 14:41:15+00:00,2,2,4,2,14,1,24,0,0,0,1,0,779,0,1778.0,0,0,0.0
7bfbcfab8725a5e469acf2b84f6061d6afb2f649,Merge branch '2.3.x',David Lord,2023-06-27 14:42:06+00:00,2,2,4,2,14,1,20,0,0,0,1,0,779,0,51.0,0,0,0.0
d67c47b81f4cbfda79f108a8ee4a183855127efb,"simplify tox config

envs inherit base testenv",David Lord,2023-06-27 15:29:41+00:00,0,8,8,1,15,1,46,0,0,0,0,0,779,0,2855.0,0,0,0.0
b1bdd9756478f178680fa119514a58b4b48efc38,Merge branch '2.3.x',David Lord,2023-06-27 15:30:43+00:00,0,8,8,1,15,1,20,0,0,0,0,0,779,0,62.0,0,0,0.0
f38f3a745ab2f90084f495403ed28d4fc27e4b50,switch to flit build backend,David Lord,2023-06-27 21:03:25+00:00,20,5,25,2,21,1,28,0,0,1,1,0,779,0,19962.0,0,1,0.0
46b328854a1ec1e892da02f523b2ed0745fe69e2,switch examples to flit,David Lord,2023-06-27 21:03:41+00:00,21,17,38,5,21,1,23,0,0,1,1,0,779,0,16.0,0,1,0.0
6b9acd565cded9c805760037b69754c11749c830,switch docs to flit,David Lord,2023-06-27 21:11:18+00:00,10,32,42,7,21,1,19,0,0,1,1,0,779,0,457.0,0,0,0.0
3c85ec953f15fe3be339a136181fa1483320f65a,use flit_core as build backend (#5177),David Lord,2023-06-27 21:17:46+00:00,51,54,105,13,21,1,38,0,0,1,1,0,779,0,388.0,0,1,0.0
f39c71609e9372bec8beb01c5aea3957ec2d1a9b,remove manifest.in,David Lord,2023-06-27 21:18:18+00:00,0,11,11,1,21,1,18,0,0,0,0,0,779,0,32.0,0,0,0.0
15a0d4afd481a7f8f7dcf3b45da7175ed14226c5,Merge branch '2.3.x',David Lord,2023-06-27 21:18:56+00:00,51,65,116,14,21,1,20,0,0,1,1,0,779,0,38.0,0,0,0.0
aea13d5a100b03758fecb88a34daeab4f8aa8426,fix typo in errorhandling doc,ToolMoney,2023-06-30 00:20:35+00:00,1,1,2,1,0,4,29,1,0,0,0,0,1,1,183699.0,1,0,0.0
09789f2a34633be446f7fa04955e55a373b36302,fix typo in errorhandling doc (#5180),David Lord,2023-06-30 00:28:25+00:00,1,1,2,1,0,4,37,1,0,0,0,1,779,0,470.0,1,0,0.0
11da927fd993c941618a67b443cc0649402f4de0,Update install.rst with required description,Pamela Fox,2023-07-01 14:09:51+00:00,1,0,1,1,14,5,44,0,0,0,0,0,2,1,135686.0,0,0,0.0
47a89da558e240148ced28ddcc4e709a4be4955a,"Bump pypa/gh-action-pypi-publish from 1.8.6 to 1.8.7

Bumps [pypa/gh-action-pypi-publish](https://github.com/pypa/gh-action-pypi-publish) from 1.8.6 to 1.8.7.
- [Release notes](https://github.com/pypa/gh-action-pypi-publish/releases)
- [Commits](https://github.com/pypa/gh-action-pypi-publish/compare/a56da0b891b3dc519c7ee3284aff1fad93cc8598...f5622bde02b04381239da3573277701ceca8f6a0)

---
updated-dependencies:
- dependency-name: pypa/gh-action-pypi-publish
  dependency-type: direct:production
  update-type: version-update:semver-patch
...

Signed-off-by: dependabot[bot] <support@github.com>",dependabot[bot],2023-07-01 16:16:19+00:00,2,2,4,1,16,5,596,1,0,0,0,1,42,0,7588.0,0,0,0.0
f62580b947e3be4d8b5ef5fa486d1472884aacd5,"Bump dessant/lock-threads from 4.0.0 to 4.0.1

Bumps [dessant/lock-threads](https://github.com/dessant/lock-threads) from 4.0.0 to 4.0.1.
- [Release notes](https://github.com/dessant/lock-threads/releases)
- [Changelog](https://github.com/dessant/lock-threads/blob/main/CHANGELOG.md)
- [Commits](https://github.com/dessant/lock-threads/compare/c1b35aecc5cdb1a34539d14196df55838bb2f836...be8aa5be94131386884a6da4189effda9b14aa21)

---
updated-dependencies:
- dependency-name: dessant/lock-threads
  dependency-type: direct:production
  update-type: version-update:semver-patch
...

Signed-off-by: dependabot[bot] <support@github.com>",dependabot[bot],2023-07-01 16:16:22+00:00,1,1,2,1,16,5,632,1,0,0,0,1,42,0,3.0,0,0,0.0
1fb188636e6a21e9c1fefdf4dd8c671dd3f332d6,"Bump slsa-framework/slsa-github-generator from 1.6.0 to 1.7.0

Bumps [slsa-framework/slsa-github-generator](https://github.com/slsa-framework/slsa-github-generator) from 1.6.0 to 1.7.0.
- [Release notes](https://github.com/slsa-framework/slsa-github-generator/releases)
- [Changelog](https://github.com/slsa-framework/slsa-github-generator/blob/main/CHANGELOG.md)
- [Commits](https://github.com/slsa-framework/slsa-github-generator/compare/v1.6.0...v1.7.0)

---
updated-dependencies:
- dependency-name: slsa-framework/slsa-github-generator
  dependency-type: direct:production
  update-type: version-update:semver-minor
...

Signed-off-by: dependabot[bot] <support@github.com>",dependabot[bot],2023-07-01 16:16:25+00:00,1,1,2,1,16,5,676,0,0,0,0,1,42,0,3.0,0,0,0.0
1ce4d95de92fdd9423c295bf9b63117817fab3bf,"Bump actions/checkout from 3.5.2 to 3.5.3

Bumps [actions/checkout](https://github.com/actions/checkout) from 3.5.2 to 3.5.3.
- [Release notes](https://github.com/actions/checkout/releases)
- [Changelog](https://github.com/actions/checkout/blob/main/CHANGELOG.md)
- [Commits](https://github.com/actions/checkout/compare/8e5e7e5ab8b370d6c329ec480221332ada57f0ab...c85c95e3d7251135ab7dc9ce3241c5835cc595a9)

---
updated-dependencies:
- dependency-name: actions/checkout
  dependency-type: direct:production
  update-type: version-update:semver-patch
...

Signed-off-by: dependabot[bot] <support@github.com>",dependabot[bot],2023-07-01 16:16:28+00:00,2,2,4,2,16,5,604,1,0,0,1,1,42,0,3.0,0,0,0.0
326484a8d107c3af490d7d294c17832afabae785,Bump pypa/gh-action-pypi-publish from 1.8.6 to 1.8.7 (#5183),David Lord,2023-07-01 16:23:35+00:00,2,2,4,1,16,5,60,0,0,0,0,1,779,0,427.0,0,0,0.0
0da5788efbda92b6b6239352c2b9a835efe0888f,Bump dessant/lock-threads from 4.0.0 to 4.0.1 (#5184),David Lord,2023-07-01 16:23:57+00:00,1,1,2,1,16,5,53,0,0,0,0,1,779,0,22.0,0,0,0.0
51bf0fdd9018d63b7bc09db52a66b726c2c4bad8,Bump slsa-framework/slsa-github-generator from 1.6.0 to 1.7.0 (#5185),David Lord,2023-07-01 16:24:11+00:00,1,1,2,1,16,5,69,0,0,0,0,1,779,0,14.0,0,0,0.0
cb825687a592709f902f3d320d93987a0546fd28,Bump actions/checkout from 3.5.2 to 3.5.3 (#5186),David Lord,2023-07-01 16:24:20+00:00,2,2,4,2,16,5,49,0,0,0,1,0,779,0,9.0,0,0,0.0
a0db8908530769e83f388d6b61438a6a2ee0bded,Update install.rst with required description (#5182),David Lord,2023-07-03 12:58:14+00:00,1,0,1,1,12,0,52,0,0,0,0,0,779,0,160434.0,0,0,0.0
65bc7636348a9ca32ccafb9f685ab4377e1e446d,"[pre-commit.ci] pre-commit autoupdate

updates:
- [github.com/asottile/pyupgrade: v3.7.0 → v3.8.0](https://github.com/asottile/pyupgrade/compare/v3.7.0...v3.8.0)",pre-commit-ci[bot],2023-07-04 06:36:29+00:00,1,1,2,1,6,1,161,0,0,0,0,0,23,0,63495.0,0,0,0.0
f215de030e4bb66205e39c786437b41aa86a5dd6,[pre-commit.ci] pre-commit autoupdate (#5187),David Lord,2023-07-04 13:18:22+00:00,1,1,2,1,13,1,45,0,0,0,0,0,779,0,24113.0,0,0,0.0
72c85e80c8ef9e6d5b5644f7bb23cdc175ca3873,"Provide an extendable merge blueprint funcs method

This allows a Blueprint implementation that has additional funcs, such
as Quart with its before_websocket_funcs (as example), to extend the
merge method to also merge these functions.",pgjones,2023-07-15 16:28:04+00:00,31,31,62,1,16,5,235,0,0,1,0,0,22,0,961782.0,0,1,1.0
3f6b243cec6859185ea4064e84b33c07cc7febf6,"Support async template context processors

This is useful as there is contextual information that could be loaded
via IO e.g. information from a database. This also matches Quart and
hence makes the shared signature easier to manage.",pgjones,2023-07-15 22:21:12+00:00,5,2,7,2,22,5,233,0,0,0,1,0,22,0,21188.0,1,0,1.0
cc80a47f5be6c60e53c42ef9378e6db3b0e183b1,"Widen the response typing

Whilst not strictly true for Flask, it is true for Flask and Quart and
hence makes it much easier for Quart to extend Flask classes. The
alternatives are generic usage in the sansio codebase or mixed usage
within Flask. I think this is a good compromise.",pgjones,2023-07-16 13:04:23+00:00,1,1,2,1,13,6,281,0,0,0,0,0,22,0,52991.0,0,0,1.0
7255be9626ab56d81bc0ab86db939fcc1da9bca1,"[pre-commit.ci] pre-commit autoupdate

updates:
- [github.com/asottile/pyupgrade: v3.8.0 → v3.10.1](https://github.com/asottile/pyupgrade/compare/v3.8.0...v3.10.1)
- [github.com/psf/black: 23.3.0 → 23.7.0](https://github.com/psf/black/compare/23.3.0...23.7.0)
- [github.com/PyCQA/flake8: 6.0.0 → 6.1.0](https://github.com/PyCQA/flake8/compare/6.0.0...6.1.0)",pre-commit-ci[bot],2023-08-01 08:45:55+00:00,3,3,6,1,8,1,357,0,0,0,0,0,23,0,1366892.0,0,0,0.0
8a72b741616556b4f739ea79ab502c2d2038844a,[pre-commit.ci] pre-commit autoupdate (#5211),David Lord,2023-08-01 16:17:47+00:00,3,3,6,1,16,1,45,0,0,0,0,0,779,0,27112.0,0,0,0.0
180ff8853c69240a3d214734da8d78f8d4d6f0bc,"Bump actions/setup-python from 4.6.1 to 4.7.0

Bumps [actions/setup-python](https://github.com/actions/setup-python) from 4.6.1 to 4.7.0.
- [Release notes](https://github.com/actions/setup-python/releases)
- [Commits](https://github.com/actions/setup-python/compare/bd6b4b6205c4dbad673328db7b31b7fab9e241c0...61a6322f88396a6271a6ee3565807d608ecaddd1)

---
updated-dependencies:
- dependency-name: actions/setup-python
  dependency-type: direct:production
  update-type: version-update:semver-minor
...

Signed-off-by: dependabot[bot] <support@github.com>",dependabot[bot],2023-08-01 16:56:18+00:00,2,2,4,2,16,1,554,0,0,0,1,0,42,0,2311.0,0,0,0.0
dcc86ebfce71bf2829bce429134d6424355f159a,"Bump pypa/gh-action-pypi-publish from 1.8.7 to 1.8.8

Bumps [pypa/gh-action-pypi-publish](https://github.com/pypa/gh-action-pypi-publish) from 1.8.7 to 1.8.8.
- [Release notes](https://github.com/pypa/gh-action-pypi-publish/releases)
- [Commits](https://github.com/pypa/gh-action-pypi-publish/compare/f5622bde02b04381239da3573277701ceca8f6a0...f8c70e705ffc13c3b4d1221169b84f12a75d6ca8)

---
updated-dependencies:
- dependency-name: pypa/gh-action-pypi-publish
  dependency-type: direct:production
  update-type: version-update:semver-patch
...

Signed-off-by: dependabot[bot] <support@github.com>",dependabot[bot],2023-08-01 16:56:22+00:00,2,2,4,1,16,1,596,1,0,0,0,0,42,0,4.0,0,0,0.0
6a5277d3417b30d6e7f5c93745e8a445dcb02b1c,Bump actions/setup-python from 4.6.1 to 4.7.0 (#5212),David Lord,2023-08-01 16:58:55+00:00,2,2,4,2,16,1,53,0,0,0,1,1,779,0,153.0,0,0,0.0
b1385919bea3238d49a6e2cfc8261771775cd6e9,Bump pypa/gh-action-pypi-publish from 1.8.7 to 1.8.8 (#5213),David Lord,2023-08-01 16:59:06+00:00,2,2,4,1,16,1,60,0,0,0,0,1,779,0,11.0,0,0,0.0
17e146ad949b3d80438faf95e81b53c543cb50f5,Pass maxsplit via kwarg to re.split,hauntsaninja,2023-08-08 09:10:49+00:00,1,1,2,1,9,1,35,0,0,0,0,0,1,1,576703.0,0,0,1.0
aa6d4c3e92bd11a7d449f49f524e54bbb88b89c0,update dispatch-by-path example,pavithra,2023-08-13 12:12:25+00:00,10,3,13,1,12,6,31,1,0,1,0,1,1,1,442896.0,0,1,0.0
80cf589a26d792820f135591eb8007bca891bf4f,"Correct the error handler typing

It may also be awaitable, as invocations are wrapped in ensure_sync.",pgjones,2023-08-14 10:10:15+00:00,4,1,5,1,10,0,102,1,0,0,0,0,22,0,79070.0,0,0,1.0
318592511c9c7156599fd02e3edf625097ecb434,"Add a brief README to the sansio

This should hopefully explain what it is used for and why certain code
cannot be present in it.",pgjones,2023-08-15 07:29:57+00:00,6,0,6,1,7,1,129,0,0,0,0,1,22,0,76782.0,0,0,0.0
7d399e80c34df8daff66f45b74fdde0edd58d63c,Merge branch '2.3.x',David Lord,2023-08-16 20:29:25+00:00,3,2,5,3,20,2,20,0,0,0,1,1,779,0,133168.0,0,0,0.0
80ae10f402facf375be30eb62fdaf0d34d57a66d,update dev requirements,David Lord,2023-08-16 20:30:18+00:00,34,29,63,4,20,2,23,0,0,1,1,0,779,0,53.0,0,1,0.0
6d266f63633f5f127165d4ef836db14a59bbc106,Pass maxsplit via kwarg to re.split (#5215),David Lord,2023-08-16 20:35:13+00:00,1,1,2,1,20,2,43,0,0,0,0,0,779,0,295.0,0,0,1.0
3237fff4b86227a84913d3885b600738bb9479a0,Merge branch '2.3.x',David Lord,2023-08-16 20:35:46+00:00,1,1,2,1,20,2,20,0,0,0,0,0,779,0,33.0,0,0,1.0
c49ce2e1eb8b598e724388bead0943837bab8027,fix flake8 bugbear findings,David Lord,2023-08-16 20:37:26+00:00,4,4,8,1,20,2,27,1,0,0,0,0,779,0,100.0,0,0,1.0
826514b8eb18f6c314cf566630253d35c89e42c3,fix flake8 bugbear findings,David Lord,2023-08-16 20:37:56+00:00,4,4,8,1,20,2,27,1,0,0,0,1,779,0,30.0,0,0,1.0
6d49a1e4b74fe4361cc8ab58767effece56c1f0c,Merge branch '2.3.x',David Lord,2023-08-16 20:38:05+00:00,0,0,0,0,20,2,20,0,0,0,0,1,779,0,9.0,0,0,0.0
a887e179b8af6a9c582a7918f9f8499ab58032cc,clean up,David Lord,2023-08-16 21:25:53+00:00,20,24,44,1,21,2,8,0,0,1,0,1,779,0,2868.0,0,1,0.0
02736640095ed6d5a4a409a9658eaca373fd1d48,Update dispatch by path example (#5217),David Lord,2023-08-16 21:29:39+00:00,29,26,55,1,21,2,39,1,0,1,0,1,779,0,226.0,0,1,0.0
9e9acfb3fe5cf33549da1a8324b395e1fb4145b0,Merge branch '2.3.x',David Lord,2023-08-16 21:30:03+00:00,29,26,55,1,21,2,20,0,0,1,0,1,779,0,24.0,0,0,0.0
6a12b191f7058a179237b4b3dfc146e559777d9b,start version 3.0.0,David Lord,2023-08-16 21:41:57+00:00,7,1,8,2,21,2,19,0,0,0,1,1,779,0,714.0,0,0,0.5
04994df59f2f642e52ba46ca656088bcdb931262,remove deprecated code,David Lord,2023-08-16 22:00:49+00:00,3,225,228,7,22,2,22,0,0,1,1,1,779,0,1132.0,1,1,0.7142857142857143
0e0e8ddcdc2bd572cdecd371bc0f309ac62ee9c4,remove deprecated code (#5223),David Lord,2023-08-16 22:08:52+00:00,3,225,228,7,22,2,30,0,0,1,1,0,779,0,483.0,1,0,0.7142857142857143
bc5dd3894b4b19e07abfe6a23d87d66c02e4061f,Add a changelog for the sans-io changes,pgjones,2023-08-19 18:25:36+00:00,2,0,2,1,18,5,39,0,0,0,0,1,22,0,245804.0,0,0,0.0
1d8b53f782570b56296d7682cbbf104b6737e805,Split the App and Blueprint into Sansio and IO parts (#5127),David Lord,2023-08-20 16:32:09+00:00,1820,1537,3357,13,16,6,60,0,0,1,1,1,779,0,79593.0,0,1,0.8461538461538461
5bb30270d2e68d8d9278ac6f5abf67049acba662,"bump werkzeug 2.3.7

use importlib.metadata.version",David Lord,2023-08-21 16:39:10+00:00,50,36,86,8,16,0,51,0,0,1,1,0,779,0,86821.0,0,0,0.5
9f9550247a2798b9dcc28081c15e266442f4e28a,"bump werkzeug 2.3.7

use importlib.metadata.version",David Lord,2023-08-21 16:39:10+00:00,50,36,86,8,16,0,51,0,0,1,1,0,779,0,0.0,0,0,0.5
90967ccb9ab1f757c2637a68ea2e16b8da2605f4,bump werkzeug 2.3.7 (#5231),David Lord,2023-08-21 16:42:21+00:00,50,36,86,8,16,0,27,0,0,1,1,0,779,0,191.0,0,0,0.5
3205b53c7cf69d17fee49cac6b84978175b7dd73,release version 2.3.3,David Lord,2023-08-21 17:25:35+00:00,2,2,4,2,17,0,21,0,0,0,1,0,779,0,2594.0,0,0,0.5
a6007373b5c521297e2ec24f820b9c7c32659af8,release version 2.3.3 (#5232),David Lord,2023-08-21 19:52:54+00:00,2,2,4,2,19,0,29,0,0,0,1,0,779,0,8839.0,0,0,0.5
65271c105f7c247ecffc9a7121815276e092bd10,"Remove print left in by accident

This was added as per 0ec7f713d679ceed2c605e62ac5d38d579f29fa0 by
mistake.",pgjones,2023-08-27 09:17:12+00:00,0,1,1,1,9,6,108,0,0,0,0,0,22,0,480258.0,0,0,1.0
153433f612585409f3494a3c44160d888c02612d,Merge remote-tracking branch 'origin/2.3.x',David Lord,2023-08-27 16:21:54+00:00,1,1,2,1,16,6,43,0,0,0,0,0,779,0,25482.0,0,0,0.0
293041a290178dc1d526075372960c3ca589d366,deprecate __version__ attribute,David Lord,2023-08-29 13:03:11+00:00,23,2,25,3,13,1,31,0,0,1,1,0,779,0,160877.0,0,1,0.3333333333333333
faef9a0fcef307f1a1c380a477b392fa4371d83d,deprecate `__version__` attribute (#5242),David Lord,2023-08-29 13:09:59+00:00,23,2,25,3,13,1,41,0,0,1,1,0,779,0,408.0,0,1,0.3333333333333333
0c97a411b430f96694e9980515b5e253ad999327,"Bump actions/checkout from 3.5.3 to 3.6.0

Bumps [actions/checkout](https://github.com/actions/checkout) from 3.5.3 to 3.6.0.
- [Release notes](https://github.com/actions/checkout/releases)
- [Changelog](https://github.com/actions/checkout/blob/main/CHANGELOG.md)
- [Commits](https://github.com/actions/checkout/compare/c85c95e3d7251135ab7dc9ce3241c5835cc595a9...f43a0e5ff2bd294095638e18286ca9a3d1956744)

---
updated-dependencies:
- dependency-name: actions/checkout
  dependency-type: direct:production
  update-type: version-update:semver-minor
...

Signed-off-by: dependabot[bot] <support@github.com>",dependabot[bot],2023-09-01 16:30:27+00:00,2,2,4,2,16,4,604,0,0,0,1,0,42,0,271228.0,0,0,0.0
98cef9fcca23677f436b2d6d7297d14bb93b59fc,"Bump slsa-framework/slsa-github-generator from 1.7.0 to 1.9.0

Bumps [slsa-framework/slsa-github-generator](https://github.com/slsa-framework/slsa-github-generator) from 1.7.0 to 1.9.0.
- [Release notes](https://github.com/slsa-framework/slsa-github-generator/releases)
- [Changelog](https://github.com/slsa-framework/slsa-github-generator/blob/main/CHANGELOG.md)
- [Commits](https://github.com/slsa-framework/slsa-github-generator/compare/v1.7.0...v1.9.0)

---
updated-dependencies:
- dependency-name: slsa-framework/slsa-github-generator
  dependency-type: direct:production
  update-type: version-update:semver-minor
...

Signed-off-by: dependabot[bot] <support@github.com>",dependabot[bot],2023-09-01 16:30:31+00:00,1,1,2,1,16,4,676,0,0,0,0,0,42,0,4.0,0,0,0.0
24c6508d39ad7fabd4c017b9a47d12539ea6b708,"Bump pypa/gh-action-pypi-publish from 1.8.8 to 1.8.10

Bumps [pypa/gh-action-pypi-publish](https://github.com/pypa/gh-action-pypi-publish) from 1.8.8 to 1.8.10.
- [Release notes](https://github.com/pypa/gh-action-pypi-publish/releases)
- [Commits](https://github.com/pypa/gh-action-pypi-publish/compare/f8c70e705ffc13c3b4d1221169b84f12a75d6ca8...b7f401de30cb6434a1e19f805ff006643653240e)

---
updated-dependencies:
- dependency-name: pypa/gh-action-pypi-publish
  dependency-type: direct:production
  update-type: version-update:semver-patch
...

Signed-off-by: dependabot[bot] <support@github.com>",dependabot[bot],2023-09-01 16:30:35+00:00,2,2,4,1,16,4,598,1,0,0,0,0,42,0,4.0,0,0,0.0
ecc4a38b7cf95bcf8dfd9e4e6f77492977e255d3,Bump actions/checkout from 3.5.3 to 3.6.0 (#5246),David Lord,2023-09-05 21:01:15+00:00,2,2,4,2,21,1,49,0,0,0,1,1,779,0,361840.0,0,0,0.0
e8076d911490870a27122e4b34230090e6d1fc10,Bump slsa-framework/slsa-github-generator from 1.7.0 to 1.9.0 (#5247),David Lord,2023-09-05 21:02:28+00:00,1,1,2,1,21,1,69,0,0,0,0,1,779,0,73.0,0,0,0.0
8037487165a196015a646de25cbce6d0351c8fc4,Bump pypa/gh-action-pypi-publish from 1.8.8 to 1.8.10 (#5248),David Lord,2023-09-05 21:02:38+00:00,2,2,4,1,21,1,61,0,0,0,0,1,779,0,10.0,0,0,0.0
14232513fd618be02e0ab4b223f3105fcdde3cfe,Release version 3.0.0,pgjones,2023-09-16 15:01:21+00:00,2,2,4,2,15,5,21,0,0,0,1,1,22,0,928723.0,0,0,0.0
b7c1290528f907c9f41afcdfd33a2227c73e26d3,Fix wrong spelling of JS method .innerHTML,nick2202,2023-09-22 08:13:43+00:00,1,1,2,1,8,4,42,1,0,0,0,0,1,1,493942.0,0,0,0.0
438edcdf01c392619449a6bdbb18f6cf72ef7bb9,"Allow self as an argument to url_for

This makes the Flask.url_for self argument positional only (Flask
supports Python 3.8+) thereby restoring the ability to pass self as a
value argument to url_for.",pgjones,2023-09-24 15:16:55+00:00,9,0,9,3,15,6,200,0,0,0,1,1,22,0,198192.0,0,1,0.6666666666666666
3252f2bc546759a94f7a4c4938ef561d7bb6a6ec,Bump Werkzeug 3.0.0,pgjones,2023-09-30 14:08:50+00:00,5,4,9,4,14,5,19,0,0,0,1,1,22,0,514315.0,0,0,0.0
5fdce4c331ac530280cc941179d364a07f4a1088,"Don't set the cli attribute in the sansio scaffold

It is (currently) Flask specific and hence cannot be shared in the
sansio shared code.",pgjones,2023-10-01 15:37:05+00:00,54,12,66,5,15,6,138,0,0,1,1,0,22,0,91695.0,0,1,0.8
3652ecd9e0a3aa6595a559e2a231b11ead8a156c,"Update index.rst (#5291)

Co-authored-by: pre-commit-ci[bot] <66853113+pre-commit-ci[bot]@users.noreply.github.com>",Akinola Abiodun Emmanuel,2023-10-06 23:37:42+00:00,5,1,6,1,23,4,115,0,0,0,0,0,1,1,460837.0,1,0,0.0
541bc8dfc2263cfa1ab2f209ce6132e1835cac9b,examples/javascript: replace obsolete link (#5287),Iztok Fister Jr,2023-10-07 00:36:39+00:00,1,1,2,1,0,5,50,0,0,0,0,0,1,1,3537.0,1,0,0.0
bb9937593de3917d17c2da1fc55489f10bb3c8b2,docs/testing.rst: fix follow_redirects sample code,Arnout Engelen,2023-10-20 15:17:24+00:00,1,1,2,1,15,4,50,1,0,0,0,0,1,1,1176045.0,0,0,0.0
beedaa4eff3919f250fad49a5092cf07c4d638e1,docs/testing.rst: fix follow_redirects sample code (#5303),David Lord,2023-10-20 16:50:00+00:00,1,1,2,1,16,4,58,1,0,0,0,1,779,0,5556.0,0,0,0.0
be6ec06894b55b1b5a360ce3f8178c7963332ccd,Fix link to Hypercorn in docs/deploying/asgi.rst - they moved from gitlab from github.,Resistor-git,2023-10-28 07:38:33+00:00,1,1,2,1,7,5,86,1,0,0,0,1,2,1,658113.0,0,0,0.0
7af0271f4703a71beef8e26d1f5f6f8da04100e6,Initial commit,Resistor-git,2023-10-28 08:04:03+00:00,0,0,0,0,8,5,14,0,0,0,0,1,2,1,1530.0,0,0,0.0
8d9519df093864ff90ca446d4af2dc8facd3c542,Update link to hypercorn (#5313),David Lord,2023-10-28 15:42:53+00:00,1,1,2,1,15,5,32,0,0,0,0,1,779,0,27530.0,0,0,0.0
29f1bd22d75cab1b0433339425fabd21b8229228,update read the docs env,David Lord,2023-11-09 16:39:48+00:00,2,2,4,1,16,3,24,0,0,0,0,1,779,0,1040215.0,0,0,0.0
627703656714c7011a5c7b65214cbf6ee07e3c23,"update read the docs env

(cherry picked from commit 29f1bd22d75cab1b0433339425fabd21b8229228)",David Lord,2023-11-09 16:39:48+00:00,2,2,4,1,16,3,94,0,0,0,0,0,779,0,0.0,0,0,0.0
c4bfd367e2f1f26838de46d0cfa2d512985f42a3,update description,David Lord,2023-11-09 16:40:39+00:00,5,5,10,1,16,3,18,0,0,0,0,0,779,0,51.0,0,1,0.0
6ee5dcc0ec93e8c11e5362f1e151d99168d6d2e6,update python version matrix,David Lord,2023-11-09 16:45:23+00:00,6,9,15,1,16,3,28,0,0,1,0,0,779,0,284.0,0,1,0.0
560383fe14b29d05e62d1242fd2713a3b7f84c8e,"update python version matrix

(cherry picked from commit 6ee5dcc0ec93e8c11e5362f1e151d99168d6d2e6)",David Lord,2023-11-09 16:45:23+00:00,6,9,15,1,16,3,98,0,0,1,0,0,779,0,0.0,0,0,0.0
04920b30765a5884c5b6516c66feea6df0b5282f,use pip-compile instead of pip-compile-multi,David Lord,2023-11-09 16:46:01+00:00,201,122,323,16,16,3,44,0,0,1,1,0,779,0,38.0,0,1,0.0
59fd6aa1049808f2bf2c6b3bd309ddfe9d9f6809,use pip-compile instead of pip-compile-multi,David Lord,2023-11-09 16:46:01+00:00,201,118,319,15,16,3,44,0,0,1,1,0,779,0,0.0,0,1,0.0
33d888622676073a5cd9d5f268933de82a0345c0,enable grouped updates for actions and python,David Lord,2023-11-09 16:46:13+00:00,16,7,23,1,16,3,45,0,0,1,0,0,779,0,12.0,0,0,0.0
24653528ccb2b5ff017dd9b0d4afabfe93e2ea43,use pip-compile and dependabot grouped updates (#5329),David Lord,2023-11-09 17:00:37+00:00,230,145,375,19,17,3,54,0,0,1,1,0,779,0,864.0,0,0,0.0
4431ada1a2615c30fedf200b28cbb80c38250e7c,"Bump the github-actions group with 4 updates

Bumps the github-actions group with 4 updates: [actions/checkout](https://github.com/actions/checkout), [actions/setup-python](https://github.com/actions/setup-python), [actions/upload-artifact](https://github.com/actions/upload-artifact) and [actions/cache](https://github.com/actions/cache).


Updates `actions/checkout` from 3.6.0 to 4.1.1
- [Release notes](https://github.com/actions/checkout/releases)
- [Changelog](https://github.com/actions/checkout/blob/main/CHANGELOG.md)
- [Commits](https://github.com/actions/checkout/compare/f43a0e5ff2bd294095638e18286ca9a3d1956744...b4ffde65f46336ab88eb53be808477a3936bae11)

Updates `actions/setup-python` from 4.7.0 to 4.7.1
- [Release notes](https://github.com/actions/setup-python/releases)
- [Commits](https://github.com/actions/setup-python/compare/61a6322f88396a6271a6ee3565807d608ecaddd1...65d7f2d534ac1bc67fcd62888c5f4f3d2cb2b236)

Updates `actions/upload-artifact` from 3.1.2 to 3.1.3
- [Release notes](https://github.com/actions/upload-artifact/releases)
- [Commits](https://github.com/actions/upload-artifact/compare/0b7f8abb1508181956e8e162db84b466c27e18ce...a8a3f3ad30e3422c9c7b888a15615d19a852ae32)

Updates `actions/cache` from 3.3.1 to 3.3.2
- [Release notes](https://github.com/actions/cache/releases)
- [Changelog](https://github.com/actions/cache/blob/main/RELEASES.md)
- [Commits](https://github.com/actions/cache/compare/88522ab9f39a2ea568f7027eddc7d8d8bc9d59c8...704facf57e6136b1bc63b828d79edcd491f0ee84)

---
updated-dependencies:
- dependency-name: actions/checkout
  dependency-type: direct:production
  update-type: version-update:semver-major
  dependency-group: github-actions
- dependency-name: actions/setup-python
  dependency-type: direct:production
  update-type: version-update:semver-patch
  dependency-group: github-actions
- dependency-name: actions/upload-artifact
  dependency-type: direct:production
  update-type: version-update:semver-patch
  dependency-group: github-actions
- dependency-name: actions/cache
  dependency-type: direct:production
  update-type: version-update:semver-patch
  dependency-group: github-actions
...

Signed-off-by: dependabot[bot] <support@github.com>",dependabot[bot],2023-11-09 17:01:38+00:00,6,6,12,2,17,3,2216,1,0,1,1,0,42,0,61.0,0,0,0.0
6edfd78c9ff1fc349bcf5356097fe9453e3c7551,Bump the github-actions group with 4 updates (#5330),David Lord,2023-11-09 17:04:52+00:00,6,6,12,2,17,3,52,0,0,1,1,1,779,0,194.0,0,0,0.0
54e05a282428e9a44dbd414ca70231a83ebd710d,use ruff linter and formatter,David Lord,2023-11-09 17:20:27+00:00,99,132,231,26,17,3,29,0,0,1,1,0,779,0,935.0,0,0,0.7307692307692307
54ff9b297276a3add08c8faf1557b5e359b3ab99,use ruff linter and formatter,David Lord,2023-11-09 17:20:27+00:00,99,128,227,26,17,3,29,0,0,1,1,1,779,0,0.0,0,0,0.7307692307692307
9a12f34bbee68a14301bc234f50c4a9fea9003fd,use ruff linter and formatter (#5331),David Lord,2023-11-09 21:29:20+00:00,99,128,227,26,21,3,37,0,0,1,1,1,779,0,14933.0,0,0,0.7307692307692307
4104f29956b16f3e351462651ec3c6cc5a0dd069,type hint fix for flask.send_file,Daniel Isaac,2023-11-13 11:28:47+00:00,3,1,4,2,11,0,33,1,0,0,1,0,1,1,309567.0,0,0,0.5
ce27ddeba1d4dec15758bc9d660316a6060bc7f3,Merge branch '3.0.x',David Lord,2023-11-15 20:14:51+00:00,0,0,0,0,20,2,20,0,0,0,0,0,779,0,204364.0,0,0,0.0
5308db0637dcc4592286ab0e6accbdd0604db494,update pre-commit hooks,David Lord,2023-11-15 20:47:41+00:00,2,2,4,1,20,2,23,0,0,0,0,0,779,0,1970.0,0,0,0.0
258311d09891c9d72fedee39cde2564cfefdc55d,Merge branch '3.0.x',David Lord,2023-11-15 20:48:42+00:00,2,2,4,1,20,2,20,0,0,0,0,0,779,0,61.0,0,0,0.0
66743d4f9d865775258c845db339d3fcccd016b5,start version 3.0.1,David Lord,2023-11-15 20:50:46+00:00,7,1,8,2,20,2,19,0,0,0,1,0,779,0,124.0,0,0,0.0
b97165db75c6f4e99c3307b4a5a1f3b0d9f4de25,type hint fix for flask.send_file (#5336),David Lord,2023-11-15 20:55:43+00:00,3,1,4,2,20,2,41,1,0,0,1,1,779,0,297.0,0,0,0.5
d61198941adcb191ddb591f08d7d912e40bde8bc,Merge branch '3.0.x',David Lord,2023-11-15 21:03:05+00:00,10,2,12,3,21,2,20,0,0,1,1,1,779,0,442.0,0,0,0.3333333333333333
1d5abfadd7132c9a78e14e5ba6c07aed47115280,Fixing issue 5342: 'The double quote is missing in the string',lizard,2023-11-24 22:03:31+00:00,4,1,5,2,22,4,62,1,0,0,1,1,1,1,781226.0,1,0,0.5
b55ccae72aba110ae08e8ef0a9cfb8649750594a,"Bump the python-requirements group in /requirements with 3 updates

Bumps the python-requirements group in /requirements with 3 updates: [cryptography](https://github.com/pyca/cryptography), [mypy](https://github.com/python/mypy) and [tox](https://github.com/tox-dev/tox).

Updates `cryptography` from 41.0.5 to 41.0.7
- [Changelog](https://github.com/pyca/cryptography/blob/main/CHANGELOG.rst)
- [Commits](https://github.com/pyca/cryptography/compare/41.0.5...41.0.7)

Updates `mypy` from 1.6.1 to 1.7.1
- [Changelog](https://github.com/python/mypy/blob/master/CHANGELOG.md)
- [Commits](https://github.com/python/mypy/compare/v1.6.1...v1.7.1)

Updates `tox` from 4.11.3 to 4.11.4
- [Release notes](https://github.com/tox-dev/tox/releases)
- [Changelog](https://github.com/tox-dev/tox/blob/main/docs/changelog.rst)
- [Commits](https://github.com/tox-dev/tox/compare/4.11.3...4.11.4)

---
updated-dependencies:
- dependency-name: cryptography
  dependency-type: direct:production
  update-type: version-update:semver-patch
  dependency-group: python-requirements
- dependency-name: mypy
  dependency-type: direct:production
  update-type: version-update:semver-minor
  dependency-group: python-requirements
- dependency-name: tox
  dependency-type: direct:development
  update-type: version-update:semver-patch
  dependency-group: python-requirements
...

Signed-off-by: dependabot[bot] <support@github.com>",dependabot[bot],2023-12-01 15:32:16+00:00,6,6,12,3,15,4,1406,1,0,1,1,0,42,0,581325.0,0,0,0.3333333333333333
78ced0093ade22a5de43ce3da98a4c2526022fbf,"Bump the github-actions group with 2 updates

Bumps the github-actions group with 2 updates: [dessant/lock-threads](https://github.com/dessant/lock-threads) and [pypa/gh-action-pypi-publish](https://github.com/pypa/gh-action-pypi-publish).


Updates `dessant/lock-threads` from 4.0.1 to 5.0.1
- [Release notes](https://github.com/dessant/lock-threads/releases)
- [Changelog](https://github.com/dessant/lock-threads/blob/main/CHANGELOG.md)
- [Commits](https://github.com/dessant/lock-threads/compare/be8aa5be94131386884a6da4189effda9b14aa21...1bf7ec25051fe7c00bdd17e6a7cf3d7bfb7dc771)

Updates `pypa/gh-action-pypi-publish` from 1.8.10 to 1.8.11
- [Release notes](https://github.com/pypa/gh-action-pypi-publish/releases)
- [Commits](https://github.com/pypa/gh-action-pypi-publish/compare/b7f401de30cb6434a1e19f805ff006643653240e...2f6f737ca5f74c637829c0f5c3acd0e29ea5e8bf)

---
updated-dependencies:
- dependency-name: dessant/lock-threads
  dependency-type: direct:production
  update-type: version-update:semver-major
  dependency-group: github-actions
- dependency-name: pypa/gh-action-pypi-publish
  dependency-type: direct:production
  update-type: version-update:semver-patch
  dependency-group: github-actions
...

Signed-off-by: dependabot[bot] <support@github.com>",dependabot[bot],2023-12-01 15:47:14+00:00,3,3,6,2,15,4,1272,1,0,0,1,1,42,0,898.0,0,0,0.0
452b78f24331c9805075cc0572128a91f4345e32,"[pre-commit.ci] pre-commit autoupdate

updates:
- [github.com/astral-sh/ruff-pre-commit: v0.1.5 → v0.1.6](https://github.com/astral-sh/ruff-pre-commit/compare/v0.1.5...v0.1.6)",pre-commit-ci[bot],2023-12-04 20:29:39+00:00,1,1,2,1,20,0,175,0,0,0,0,1,23,0,276145.0,0,0,0.0
b64f848d2c1f8fe9aed3acb10f68f6c8bb1271f1,[pre-commit.ci] pre-commit autoupdate (#5354),David Lord,2023-12-04 22:26:15+00:00,1,1,2,1,22,0,45,0,0,0,0,1,779,0,6996.0,1,0,0.0
089f6a1c50ea2b18287106ecd357522bab200510,Bump the github-actions group with 2 updates (#5352),David Lord,2023-12-04 22:26:30+00:00,3,3,6,2,22,0,52,0,0,0,1,1,779,0,15.0,1,0,0.0
8a66990c6161b30422359244a052805dc98a5059,Update docs to address redesigned macOS settings app,Ben Huebscher,2023-12-05 17:58:59+00:00,2,2,4,1,17,1,52,0,0,0,0,1,1,1,70349.0,0,0,0.0
399aa8531c60faee26333bcdae5a70b01bae2d54,Bump the python-requirements group in /requirements with 3 updates (#5351),David Lord,2023-12-13 23:01:14+00:00,6,6,12,3,23,2,74,0,0,1,1,1,779,0,709335.0,1,1,0.3333333333333333
05eebe36abe923d065133792f14d4ab6c07336a0,fix missing quote in `--key` error message (#5344),David Lord,2023-12-13 23:06:37+00:00,4,1,5,2,23,2,50,1,0,0,1,1,779,0,323.0,1,0,0.5
77f6c72cf930ae2e3c5d4dd63e7cbc4699382916,Update docs to address redesigned macOS settings app (#5355),David Lord,2023-12-13 23:13:22+00:00,2,2,4,1,23,2,60,0,0,0,0,1,779,0,405.0,1,0,0.0
12a1c4940d3fe2fc68a7ca68df48c3f04941c53c,Merge branch '3.0.x',David Lord,2023-12-13 23:13:41+00:00,6,3,9,3,23,2,20,0,0,0,1,1,779,0,19.0,1,0,0.3333333333333333
c275573147b426fbe1a37c6bce143f7895b603b2,run typing tests,David Lord,2023-12-14 00:27:37+00:00,1,1,2,1,0,3,16,0,0,0,0,0,779,0,4436.0,1,0,0.0
708d62d7172a30c5b0ace1d212c5a3bc2b53b98c,Merge branch '3.0.x',David Lord,2023-12-14 00:28:13+00:00,1,1,2,1,0,3,20,0,0,0,0,0,779,0,36.0,1,0,0.0
6000e80acf931b05b4911c3fa7f3ba33e2b80e64,address mypy strict findings,David Lord,2023-12-14 16:58:13+00:00,346,234,580,24,16,3,28,0,0,1,1,0,779,0,59400.0,0,1,0.8333333333333334
63ff4185f9d1306c3bd54489f1adb88e7b48e588,"Bump the python-requirements group in /requirements with 3 updates

Bumps the python-requirements group in /requirements with 3 updates: [pytest](https://github.com/pytest-dev/pytest), [mypy](https://github.com/python/mypy) and [pre-commit](https://github.com/pre-commit/pre-commit).


Updates `pytest` from 7.4.3 to 7.4.4
- [Release notes](https://github.com/pytest-dev/pytest/releases)
- [Changelog](https://github.com/pytest-dev/pytest/blob/main/CHANGELOG.rst)
- [Commits](https://github.com/pytest-dev/pytest/compare/7.4.3...7.4.4)

Updates `mypy` from 1.7.1 to 1.8.0
- [Changelog](https://github.com/python/mypy/blob/master/CHANGELOG.md)
- [Commits](https://github.com/python/mypy/compare/v1.7.1...v1.8.0)

Updates `pre-commit` from 3.5.0 to 3.6.0
- [Release notes](https://github.com/pre-commit/pre-commit/releases)
- [Changelog](https://github.com/pre-commit/pre-commit/blob/main/CHANGELOG.md)
- [Commits](https://github.com/pre-commit/pre-commit/compare/v3.5.0...v3.6.0)

---
updated-dependencies:
- dependency-name: pytest
  dependency-type: direct:production
  update-type: version-update:semver-patch
  dependency-group: python-requirements
- dependency-name: mypy
  dependency-type: direct:production
  update-type: version-update:semver-minor
  dependency-group: python-requirements
- dependency-name: pre-commit
  dependency-type: direct:development
  update-type: version-update:semver-minor
  dependency-group: python-requirements
...

Signed-off-by: dependabot[bot] <support@github.com>",dependabot[bot],2024-01-01 15:11:19+00:00,5,5,10,3,15,0,1503,1,0,0,1,0,42,0,1548786.0,0,0,0.0
c2f65dd1cfff0672b902fd5b30815f0b4137214c,Bump the python-requirements group in /requirements with 3 updates (#5374),David Lord,2024-01-01 15:21:54+00:00,5,5,10,3,15,0,74,0,0,0,1,1,779,0,635.0,0,0,0.0
24ec38d6a0686f1a147420ebf4b31f5243e1cb42,"[pre-commit.ci] pre-commit autoupdate

updates:
- [github.com/astral-sh/ruff-pre-commit: v0.1.6 → v0.1.9](https://github.com/astral-sh/ruff-pre-commit/compare/v0.1.6...v0.1.9)",pre-commit-ci[bot],2024-01-01 20:24:10+00:00,1,1,2,1,20,0,175,0,0,0,0,1,23,0,18136.0,0,0,0.0
8fdab74cc80c39f45aa65da5dd029c8d262756c3,"[pre-commit.ci] auto fixes from pre-commit.com hooks

for more information, see https://pre-commit.ci",pre-commit-ci[bot],2024-01-01 20:24:30+00:00,1,1,2,1,20,0,101,1,0,0,0,1,23,0,20.0,0,0,1.0
700fc7d928b7a625b04e6865b3eb282043e90f7d,untag without object_hook,David Lord,2024-01-15 15:47:13+00:00,16,1,17,2,15,0,25,0,0,1,1,1,779,0,1192963.0,0,1,0.5
5a48a0fe6b02f62f9a0d90257c6a14d280bc9d23,untag without `object_hook` (#5382),David Lord,2024-01-15 15:52:35+00:00,16,1,17,2,15,0,35,0,0,1,1,1,779,0,322.0,0,0,0.5
7b5e176d1ab23e183d0403573358299ed6562dce,[pre-commit.ci] pre-commit autoupdate (#5377),David Lord,2024-01-15 15:52:57+00:00,2,2,4,2,15,0,45,0,0,0,1,1,779,0,22.0,0,0,0.5
08d3185e87cfeccc4bf4d26ee5c4c0dfd4ec8564,update pre-commit hooks,David Lord,2024-01-16 18:12:10+00:00,3,3,6,3,18,1,23,0,0,0,1,0,779,0,94753.0,0,0,0.6666666666666666
81b3c85f51834a06bc8fbecf350bc20d756d8026,update requirements,David Lord,2024-01-18 17:15:01+00:00,42,48,90,3,17,3,19,0,0,1,1,0,779,0,169371.0,0,1,0.0
bae6ee888f647f15fabb91d21bf28314737be1c6,address mypy strict findings (#5383),David Lord,2024-01-18 17:16:53+00:00,390,284,674,28,17,3,36,0,0,1,1,0,779,0,112.0,0,1,0.7142857142857143
f622b1cadea2bed4ea4cc476695e9c181ec5da11,release version 3.0.1,David Lord,2024-01-18 17:19:14+00:00,2,2,4,2,17,3,21,0,0,0,1,1,779,0,141.0,0,0,0.0
5e059be1b327f2f2f64115d2897c5864eff69b7d,update actions versions,David Lord,2024-01-18 19:41:38+00:00,13,21,34,3,19,3,23,0,0,1,1,0,779,0,8544.0,0,0,0.0
da3a0ddfe2de5be718a2d7cb3021f350bf04c402,fix slsa generator version,David Lord,2024-01-18 19:53:19+00:00,2,1,3,1,19,3,26,1,0,0,0,0,779,0,701.0,0,0,0.0
5fcc999b7df0f5cc71cfd9b74ea494b96486f84f,fix create release action,David Lord,2024-01-18 19:57:22+00:00,3,2,5,1,19,3,25,1,0,0,0,1,779,0,243.0,0,0,0.0
233be7a0fa8b2a77189ae9a2fc47c579245a2f3d,release version 3.0.1 (#5386),David Lord,2024-01-18 20:03:25+00:00,2,2,4,2,20,3,29,0,0,0,1,1,779,0,363.0,0,0,0.0
4df377cfbfc1d15e962a61c18920b22aebc9aa41,Merge branch '3.0.x',David Lord,2024-01-18 20:20:56+00:00,412,297,709,30,20,3,20,0,0,1,1,1,779,0,1051.0,0,1,0.6666666666666666
ecc057dd4857e655f0844b781899a917852042a4,fix jinja_loader annotation,Cody Scott,2024-01-23 16:28:51+00:00,4,1,5,2,16,1,27,1,0,0,1,0,1,1,418075.0,0,0,0.5
1af8f95785b85d0937153ee63d504c0b51934d80,fix super call in list comprehension,Tony Huang,2024-01-26 02:08:55+00:00,10,1,11,3,2,4,36,1,0,0,1,1,1,1,207604.0,1,0,0.6666666666666666
a4bada52d0c5442011665eb1ad4bdb61c06d28fe,"Bump the github-actions group with 2 updates

Bumps the github-actions group with 2 updates: [dessant/lock-threads](https://github.com/dessant/lock-threads) and [pypa/gh-action-pypi-publish](https://github.com/pypa/gh-action-pypi-publish).


Updates `dessant/lock-threads` from 7de207be1d3ce97a9abe6ff1306222982d1ca9f9 to 1bf7ec25051fe7c00bdd17e6a7cf3d7bfb7dc771
- [Release notes](https://github.com/dessant/lock-threads/releases)
- [Changelog](https://github.com/dessant/lock-threads/blob/main/CHANGELOG.md)
- [Commits](https://github.com/dessant/lock-threads/compare/7de207be1d3ce97a9abe6ff1306222982d1ca9f9...1bf7ec25051fe7c00bdd17e6a7cf3d7bfb7dc771)

Updates `pypa/gh-action-pypi-publish` from f946db0f765b9ae754e44bfd5ae5b8b91cfb37ef to 2f6f737ca5f74c637829c0f5c3acd0e29ea5e8bf
- [Release notes](https://github.com/pypa/gh-action-pypi-publish/releases)
- [Commits](https://github.com/pypa/gh-action-pypi-publish/compare/f946db0f765b9ae754e44bfd5ae5b8b91cfb37ef...2f6f737ca5f74c637829c0f5c3acd0e29ea5e8bf)

---
updated-dependencies:
- dependency-name: dessant/lock-threads
  dependency-type: direct:production
  dependency-group: github-actions
- dependency-name: pypa/gh-action-pypi-publish
  dependency-type: direct:production
  dependency-group: github-actions
...

Signed-off-by: dependabot[bot] <support@github.com>",dependabot[bot],2024-02-01 15:31:35+00:00,3,3,6,2,15,3,1324,0,0,0,1,0,42,0,566560.0,0,0,0.0
484a7cc9a7ba2540ab2af5141196f5ab5809df33,"Bump the python-requirements group in /requirements with 6 updates

Bumps the python-requirements group in /requirements with 6 updates:

| Package | From | To |
| --- | --- | --- |
| [sphinx-issues](https://github.com/sloria/sphinx-issues) | `3.0.1` | `4.0.0` |
| [sphinx-tabs](https://github.com/executablebooks/sphinx-tabs) | `3.4.4` | `3.4.5` |
| [cryptography](https://github.com/pyca/cryptography) | `41.0.7` | `42.0.2` |
| [pytest](https://github.com/pytest-dev/pytest) | `7.4.4` | `8.0.0` |
| [python-dotenv](https://github.com/theskumar/python-dotenv) | `1.0.0` | `1.0.1` |
| [tox](https://github.com/tox-dev/tox) | `4.12.0` | `4.12.1` |


Updates `sphinx-issues` from 3.0.1 to 4.0.0
- [Commits](https://github.com/sloria/sphinx-issues/compare/3.0.1...4.0.0)

Updates `sphinx-tabs` from 3.4.4 to 3.4.5
- [Release notes](https://github.com/executablebooks/sphinx-tabs/releases)
- [Changelog](https://github.com/executablebooks/sphinx-tabs/blob/master/CHANGELOG.md)
- [Commits](https://github.com/executablebooks/sphinx-tabs/compare/v3.4.4...v3.4.5)

Updates `cryptography` from 41.0.7 to 42.0.2
- [Changelog](https://github.com/pyca/cryptography/blob/main/CHANGELOG.rst)
- [Commits](https://github.com/pyca/cryptography/compare/41.0.7...42.0.2)

Updates `pytest` from 7.4.4 to 8.0.0
- [Release notes](https://github.com/pytest-dev/pytest/releases)
- [Changelog](https://github.com/pytest-dev/pytest/blob/main/CHANGELOG.rst)
- [Commits](https://github.com/pytest-dev/pytest/compare/7.4.4...8.0.0)

Updates `python-dotenv` from 1.0.0 to 1.0.1
- [Release notes](https://github.com/theskumar/python-dotenv/releases)
- [Changelog](https://github.com/theskumar/python-dotenv/blob/main/CHANGELOG.md)
- [Commits](https://github.com/theskumar/python-dotenv/compare/v1.0.0...v1.0.1)

Updates `tox` from 4.12.0 to 4.12.1
- [Release notes](https://github.com/tox-dev/tox/releases)
- [Changelog](https://github.com/tox-dev/tox/blob/main/docs/changelog.rst)
- [Commits](https://github.com/tox-dev/tox/compare/4.12.0...4.12.1)

---
updated-dependencies:
- dependency-name: sphinx-issues
  dependency-type: direct:production
  update-type: version-update:semver-major
  dependency-group: python-requirements
- dependency-name: sphinx-tabs
  dependency-type: direct:production
  update-type: version-update:semver-patch
  dependency-group: python-requirements
- dependency-name: cryptography
  dependency-type: direct:production
  update-type: version-update:semver-major
  dependency-group: python-requirements
- dependency-name: pytest
  dependency-type: direct:production
  update-type: version-update:semver-major
  dependency-group: python-requirements
- dependency-name: python-dotenv
  dependency-type: direct:production
  update-type: version-update:semver-patch
  dependency-group: python-requirements
- dependency-name: tox
  dependency-type: direct:development
  update-type: version-update:semver-patch
  dependency-group: python-requirements
...

Signed-off-by: dependabot[bot] <support@github.com>",dependabot[bot],2024-02-01 15:41:57+00:00,12,12,24,4,15,3,3002,1,0,1,1,0,42,0,622.0,0,0,0.0
f32dddc71c8538d7d9cf51bf82716b3dfadbc9ec,Bump the github-actions group with 2 updates (#5400),David Lord,2024-02-03 15:35:16+00:00,3,3,6,2,15,5,52,0,0,0,1,1,779,0,172399.0,0,0,0.0
94e80b3da9048372ed857f6175a4d5fd1ca8913b,Bump the python-requirements group in /requirements with 6 updates (#5401),David Lord,2024-02-03 15:40:27+00:00,12,12,24,4,15,5,74,0,0,1,1,1,779,0,311.0,0,0,0.0
3207af8827d4162ef5841249c46fbb9da043c551,start version 3.0.2,David Lord,2024-02-03 17:41:38+00:00,7,1,8,2,17,5,19,0,0,0,1,1,779,0,7271.0,0,0,0.0
3435d2ff1589eb0c1a85cc294a20985910a1a606,Fix jinja_loader typehint (#5389),David Lord,2024-02-03 20:18:40+00:00,4,1,5,2,20,5,33,1,0,0,1,1,779,0,9422.0,0,0,0.5
d7209a957004d4758f32fd8b2f89da11f5fe5718,fix super call in list comprehension (#5393),David Lord,2024-02-03 20:39:33+00:00,10,1,11,3,20,5,44,1,0,0,1,1,779,0,1253.0,0,0,0.6666666666666666
d2030595dcdc8ca5701504f00255360fb12a3a2b,release version 3.0.2,David Lord,2024-02-03 20:54:41+00:00,2,2,4,2,20,5,21,0,0,0,1,1,779,0,908.0,0,0,0.0
d5e321b792cd6f3cd7b072d175f47eacbd5ee14f,release version 3.0.2 (#5403),David Lord,2024-02-03 21:12:15+00:00,2,2,4,2,21,5,29,0,0,0,1,1,779,0,1054.0,0,0,0.0
6b422a05f37641ca0b84422f2436e9d4bd144376,Merge branch '3.0.x',David Lord,2024-02-03 21:13:41+00:00,21,3,24,5,21,5,20,0,0,1,1,1,779,0,86.0,0,1,0.6
ad36383951c130f16e02b5f61b1161da99bc1ca4,"[pre-commit.ci] pre-commit autoupdate

updates:
- [github.com/astral-sh/ruff-pre-commit: v0.1.13 → v0.2.0](https://github.com/astral-sh/ruff-pre-commit/compare/v0.1.13...v0.2.0)",pre-commit-ci[bot],2024-02-05 20:28:43+00:00,1,1,2,1,20,0,177,0,0,0,0,0,23,0,170102.0,0,0,0.0
b90a4f1f4a370e92054b9cc9db0efcb864f87ebe,[pre-commit.ci] pre-commit autoupdate (#5404),David Lord,2024-02-12 20:50:45+00:00,1,1,2,1,20,0,45,0,0,0,0,0,779,0,606122.0,0,0,0.0
0e59442f6cce9442c1dcaf8515df7182312fa6cd,"Use per-release URLs in GH env UI when publishing to the PyPI

This essentially, makes the UI nicer in a few places with a clickable link to the released version being presented in the web interface of GitHub.",Sviatoslav Sydorenko (Святослав Сидоренко),2024-02-27 00:24:27+00:00,5,3,8,1,0,1,209,0,0,0,0,0,1,1,1222422.0,1,0,0.0
98a7f9fcf09fce5d32bf25e7f917c1c3026719d1,Use per-release URLs in GH env UI when publishing to the PyPI (#5423),David Lord,2024-04-06 23:17:13+00:00,5,3,8,1,23,5,69,0,0,0,0,0,779,0,3451966.0,1,0,0.0
87d5f5b9a9697434e6d972b021201105eabb54e6,"update project files (#5457)

* update pre-commit hook
* upgrade pip with venv
* update description and version
* show url in publish environment
* update versions
* update versions, separate typing job
* use dependabot grouped updates
  ignore upload/download-artifact until slsa updates
* use sphinx.ext.extlinks instead of sphinx-issues
* update dev dependencies
* update editorconfig
* update gitignore
* update .readthedocs.yaml
* license is txt, readme is md
* update pyproject.toml
  add typed classifier
  add pyright config
  simplify urls
* tox builds docs in place
* update min test py version
* add tox env to update all dev dependencies
* update issue and pr templates
* rename security docs page to not conflict with org policy file
* simplify matrix",David Lord,2024-04-07 17:24:40+00:00,377,317,694,35,17,6,787,1,0,1,1,0,779,0,65247.0,0,1,0.17142857142857143
6ab71ed7cf92a2dea7c18ddc9c2b4f3e685ea1fb,Merge branch '3.0.x',David Lord,2024-04-07 18:03:46+00:00,355,306,661,35,18,6,20,0,0,1,1,1,779,0,2346.0,0,1,0.17142857142857143
be508c618411d72281672980abb19b2150581943,"Bump the github-actions group with 3 updates

Bumps the github-actions group with 3 updates: [dessant/lock-threads](https://github.com/dessant/lock-threads), [actions/checkout](https://github.com/actions/checkout) and [pypa/gh-action-pypi-publish](https://github.com/pypa/gh-action-pypi-publish).


Updates `dessant/lock-threads` from 7de207be1d3ce97a9abe6ff1306222982d1ca9f9 to 1bf7ec25051fe7c00bdd17e6a7cf3d7bfb7dc771
- [Release notes](https://github.com/dessant/lock-threads/releases)
- [Changelog](https://github.com/dessant/lock-threads/blob/main/CHANGELOG.md)
- [Commits](https://github.com/dessant/lock-threads/compare/7de207be1d3ce97a9abe6ff1306222982d1ca9f9...1bf7ec25051fe7c00bdd17e6a7cf3d7bfb7dc771)

Updates `actions/checkout` from 4.1.1 to 4.1.2
- [Release notes](https://github.com/actions/checkout/releases)
- [Changelog](https://github.com/actions/checkout/blob/main/CHANGELOG.md)
- [Commits](https://github.com/actions/checkout/compare/b4ffde65f46336ab88eb53be808477a3936bae11...9bb56186c3b09b4f86b1c65136769dd318469633)

Updates `pypa/gh-action-pypi-publish` from 68e62d4871ad9d14a9d55f114e6ac71f0b408ec0 to 81e9d935c883d0b210363ab89cf05f3894778450
- [Release notes](https://github.com/pypa/gh-action-pypi-publish/releases)
- [Commits](https://github.com/pypa/gh-action-pypi-publish/compare/68e62d4871ad9d14a9d55f114e6ac71f0b408ec0...81e9d935c883d0b210363ab89cf05f3894778450)

---
updated-dependencies:
- dependency-name: dessant/lock-threads
  dependency-type: direct:production
  dependency-group: github-actions
- dependency-name: actions/checkout
  dependency-type: direct:production
  update-type: version-update:semver-patch
  dependency-group: github-actions
- dependency-name: pypa/gh-action-pypi-publish
  dependency-type: direct:production
  dependency-group: github-actions
...

Signed-off-by: dependabot[bot] <support@github.com>",dependabot[bot],2024-04-07 18:04:59+00:00,6,6,12,3,18,6,1859,1,0,1,1,1,42,0,73.0,0,0,0.0
a85575601758b3fd8d1379aa2e16bf1c24ab06f3,Bump the github-actions group with 3 updates (#5459),David Lord,2024-04-07 18:11:26+00:00,6,6,12,3,18,6,52,0,0,1,1,1,779,0,387.0,0,0,0.0
7320e311a0a3f190351173f8be90cab31dadbf73,start version 3.0.3,David Lord,2024-04-07 18:22:02+00:00,7,1,8,2,18,6,19,0,0,0,1,1,779,0,636.0,0,0,0.0
db461112c70d5f2bf93c7a6ac27eeb665c232dd0,access sha1 lazily,David Lord,2024-04-07 18:30:30+00:00,13,1,14,2,18,6,18,0,0,1,1,1,779,0,508.0,0,0,0.5
b73939095564ec5c088c53e7595b00d174a018f5,support FIPS builds without SHA-1 (#5460),David Lord,2024-04-07 18:42:24+00:00,13,1,14,2,18,6,41,0,0,1,1,0,779,0,714.0,0,0,0.5
adb7dd99c295a28726c8d818fba54c7b3f958ecc,don't access app.logger when configuring app.logger,David Lord,2024-04-07 19:03:19+00:00,1,1,2,1,19,6,51,0,0,0,0,0,779,0,1255.0,0,0,0.0
5e22cc9eec0d1da2da706ccf724fde702b30d5f2,Don't set the cli attribute in the sansio scaffold (#5270),David Lord,2024-04-07 19:16:22+00:00,54,12,66,5,19,6,58,0,0,1,1,0,779,0,783.0,0,1,0.8
c12a5d874c5a014495eb2db8a73f40037bc813ac,release version 3.0.3,David Lord,2024-04-07 19:17:41+00:00,1,1,2,1,19,6,21,0,0,0,0,0,779,0,79.0,0,0,0.0
61182249cb3ec5c69a2b91928829f33ccca6c7bc,release version 3.0.3 (#5461),David Lord,2024-04-07 19:27:04+00:00,1,1,2,1,19,6,29,0,0,0,0,0,779,0,563.0,0,0,0.0
aee16df63bbd7f6a7479fcd01b509f5ebaca3a0d,Merge branch '3.0.x',David Lord,2024-04-07 19:28:51+00:00,75,15,90,8,19,6,20,0,0,1,1,0,779,0,107.0,0,1,0.625
19610a9e46e0989054ecd0f6be2fcb981013d8eb,start version 3.1.0,David Lord,2024-04-07 19:29:49+00:00,7,1,8,2,19,6,19,0,0,0,1,0,779,0,58.0,0,0,0.0
346d1abaff0270104ffa3a0e8bee7de279a1cee7,"remove install and contribute sections

install leads people to install into the system instead of a virtualenv,
and readme isn't the place to teach that
contribute is now linked in the github interface above the readme",David Lord,2024-04-08 22:28:28+00:00,0,20,20,1,22,0,219,0,0,1,0,0,779,0,97119.0,1,0,0.0
f958b6500b2aeb8edc578a07f00546becdad4c80,build docs from scratch each test,David Lord,2024-04-08 22:28:57+00:00,1,1,2,1,22,0,33,0,0,0,0,0,779,0,29.0,1,0,0.0
2c7f57ad5bd19743312eb34ea5fb838a1349474e,Merge branch '3.0.x',David Lord,2024-04-08 22:29:31+00:00,1,21,22,2,22,0,20,0,0,1,1,0,779,0,34.0,1,0,0.0
4a1766c252bac0de1368cc4eaefba1299f77d546,"document caveats on SESSION_COOKIE_DOMAIN

Changing this value might result in browsers with several competing session cookies. In
that situation there is no guarantee of which one will be sent first, and be used as the
session cookie.",Éloi Rivard,2024-04-15 16:28:25+00:00,6,0,6,1,16,0,235,0,0,0,0,0,1,1,583134.0,0,0,0.0
db0fe9436e9da7f7bd14683542bbf33ba3c6d5e4,unignore upload/download-artifact,David Lord,2024-04-23 23:31:03+00:00,0,6,6,1,23,1,33,0,0,0,0,0,779,0,716558.0,1,0,0.0
ccf125bf30102beedafb3ecef72376bfb6c90a4d,fix mypy findings,David Lord,2024-04-23 23:49:42+00:00,1,1,2,1,23,1,17,1,0,0,0,0,779,0,1119.0,1,0,1.0
b7278186c4e16c58a4dbd439eedf716146c19f53,"Bump the github-actions group across 1 directory with 4 updates

Bumps the github-actions group with 4 updates in the / directory: [actions/checkout](https://github.com/actions/checkout), [actions/upload-artifact](https://github.com/actions/upload-artifact), [slsa-framework/slsa-github-generator](https://github.com/slsa-framework/slsa-github-generator) and [actions/download-artifact](https://github.com/actions/download-artifact).


Updates `actions/checkout` from 4.1.2 to 4.1.3
- [Release notes](https://github.com/actions/checkout/releases)
- [Changelog](https://github.com/actions/checkout/blob/main/CHANGELOG.md)
- [Commits](https://github.com/actions/checkout/compare/9bb56186c3b09b4f86b1c65136769dd318469633...1d96c772d19495a3b5c517cd2bc0cb401ea0529f)

Updates `actions/upload-artifact` from 3.1.3 to 4.3.3
- [Release notes](https://github.com/actions/upload-artifact/releases)
- [Commits](https://github.com/actions/upload-artifact/compare/a8a3f3ad30e3422c9c7b888a15615d19a852ae32...65462800fd760344b1a7b4382951275a0abb4808)

Updates `slsa-framework/slsa-github-generator` from 1.10.0 to 2.0.0
- [Release notes](https://github.com/slsa-framework/slsa-github-generator/releases)
- [Changelog](https://github.com/slsa-framework/slsa-github-generator/blob/main/CHANGELOG.md)
- [Commits](https://github.com/slsa-framework/slsa-github-generator/compare/v1.10.0...v2.0.0)

Updates `actions/download-artifact` from 3.0.2 to 4.1.6
- [Release notes](https://github.com/actions/download-artifact/releases)
- [Commits](https://github.com/actions/download-artifact/compare/9bc31d5ccc31df68ecc42ccf4149144866c47d8a...9c19ed7fe5d278cd354c7dfd5d3b88589c7e2395)

---
updated-dependencies:
- dependency-name: actions/checkout
  dependency-type: direct:production
  update-type: version-update:semver-patch
  dependency-group: github-actions
- dependency-name: actions/upload-artifact
  dependency-type: direct:production
  update-type: version-update:semver-major
  dependency-group: github-actions
- dependency-name: slsa-framework/slsa-github-generator
  dependency-type: direct:production
  update-type: version-update:semver-major
  dependency-group: github-actions
- dependency-name: actions/download-artifact
  dependency-type: direct:production
  update-type: version-update:semver-major
  dependency-group: github-actions
...

Signed-off-by: dependabot[bot] <support@github.com>",dependabot[bot],2024-04-23 23:50:43+00:00,7,7,14,2,23,1,2380,1,0,1,1,1,42,0,61.0,1,0,0.0
f48802acbb2d9f29ed3e1bcc5206bd00176cc1e3,Bump the github-actions group across 1 directory with 4 updates (#5470),David Lord,2024-04-23 23:52:13+00:00,7,7,14,2,23,1,71,0,0,1,1,1,779,0,90.0,1,0,0.0
224c639bf9f37b99bc66a879fbbc516f59857967,"Bump the python-requirements group in /requirements with 3 updates

Bumps the python-requirements group in /requirements with 3 updates: [pallets-sphinx-themes](https://github.com/pallets/pallets-sphinx-themes), [sphinx](https://github.com/sphinx-doc/sphinx) and [pyright](https://github.com/RobertCraigie/pyright-python).


Updates `pallets-sphinx-themes` from 2.1.1 to 2.1.2
- [Release notes](https://github.com/pallets/pallets-sphinx-themes/releases)
- [Changelog](https://github.com/pallets/pallets-sphinx-themes/blob/main/CHANGES.rst)
- [Commits](https://github.com/pallets/pallets-sphinx-themes/compare/2.1.1...2.1.2)

Updates `sphinx` from 7.2.6 to 7.3.7
- [Release notes](https://github.com/sphinx-doc/sphinx/releases)
- [Changelog](https://github.com/sphinx-doc/sphinx/blob/master/CHANGES.rst)
- [Commits](https://github.com/sphinx-doc/sphinx/compare/v7.2.6...v7.3.7)

Updates `pyright` from 1.1.357 to 1.1.359
- [Release notes](https://github.com/RobertCraigie/pyright-python/releases)
- [Commits](https://github.com/RobertCraigie/pyright-python/compare/v1.1.357...v1.1.359)

---
updated-dependencies:
- dependency-name: pallets-sphinx-themes
  dependency-type: direct:production
  update-type: version-update:semver-patch
  dependency-group: python-requirements
- dependency-name: sphinx
  dependency-type: direct:production
  update-type: version-update:semver-minor
  dependency-group: python-requirements
- dependency-name: pyright
  dependency-type: direct:production
  update-type: version-update:semver-patch
  dependency-group: python-requirements
...

Signed-off-by: dependabot[bot] <support@github.com>",dependabot[bot],2024-04-23 23:52:58+00:00,6,6,12,3,23,1,1622,1,0,1,1,1,42,0,45.0,1,0,0.0
11c15ddfeb6edcb0978d3407ed972ae441013177,Bump the python-requirements group in /requirements with 3 updates (#5468),David Lord,2024-04-23 23:54:09+00:00,6,6,12,3,23,1,74,0,0,1,1,1,779,0,71.0,1,0,0.0
823e279e0dd40d8818a8d58c12a7df22caae1c04,"Update pyproject.toml

Correction to Documentation URL",JamesMRamm,2024-05-02 07:57:34+00:00,1,1,2,1,7,3,54,0,0,0,0,1,1,1,720205.0,0,0,0.0
57add386c9d3aa5717bb25ed3e216a9538f086fd,examples/javascript: Update Documentation URL in pyproject.toml (#5475),David Lord,2024-05-02 12:10:51+00:00,1,1,2,1,12,3,71,0,0,0,0,1,779,0,15197.0,0,0,0.0
a363642a32880114c7944b1017f2f69bd4cc00eb,fix mypy finding with new werkzeug endpoint type,David Lord,2024-05-06 17:09:58+00:00,1,1,2,1,17,0,48,1,0,0,0,0,779,0,363547.0,0,0,1.0
eb1182a10e757b5e76009c69fdf3a88a5afc6840,fix mypy finding,David Lord,2024-05-06 17:12:32+00:00,2,2,4,1,17,0,16,1,0,0,0,1,779,0,154.0,0,0,1.0
4f42c642036e6fdd915dd492b263c3b887cdb2d9,Merge branch '3.0.x',David Lord,2024-05-06 17:13:35+00:00,2,2,4,2,17,0,20,0,0,0,1,1,779,0,63.0,0,0,1.0
a936b0c610ba86f542eb3855de2be674a7b9310b,"Bump the github-actions group with 2 updates

Bumps the github-actions group with 2 updates: [actions/checkout](https://github.com/actions/checkout) and [actions/download-artifact](https://github.com/actions/download-artifact).


Updates `actions/checkout` from 4.1.3 to 4.1.4
- [Release notes](https://github.com/actions/checkout/releases)
- [Changelog](https://github.com/actions/checkout/blob/main/CHANGELOG.md)
- [Commits](https://github.com/actions/checkout/compare/1d96c772d19495a3b5c517cd2bc0cb401ea0529f...0ad4b8fadaa221de15dcec353f45205ec38ea70b)

Updates `actions/download-artifact` from 4.1.6 to 4.1.7
- [Release notes](https://github.com/actions/download-artifact/releases)
- [Commits](https://github.com/actions/download-artifact/compare/9c19ed7fe5d278cd354c7dfd5d3b88589c7e2395...65a9edc5881444af0b9093a5e628f2fe47ea3b2e)

---
updated-dependencies:
- dependency-name: actions/checkout
  dependency-type: direct:production
  update-type: version-update:semver-patch
  dependency-group: github-actions
- dependency-name: actions/download-artifact
  dependency-type: direct:production
  update-type: version-update:semver-patch
  dependency-group: github-actions
...

Signed-off-by: dependabot[bot] <support@github.com>",dependabot[bot],2024-05-06 17:16:26+00:00,5,5,10,2,17,0,1230,1,0,0,1,1,42,0,171.0,0,1,0.0
fc605b575bc454bb89f7f878692970f3bd4b1011,Bump the github-actions group with 2 updates (#5473),David Lord,2024-05-06 17:17:48+00:00,5,5,10,2,17,0,52,0,0,0,1,1,779,0,82.0,0,0,0.0
273123f6b8fc0d871553f707e515816777c60e24,"Bump the python-requirements group across 1 directory with 6 updates

Bumps the python-requirements group with 6 updates in the /requirements directory:

| Package | From | To |
| --- | --- | --- |
| [cryptography](https://github.com/pyca/cryptography) | `42.0.5` | `42.0.7` |
| [mypy](https://github.com/python/mypy) | `1.9.0` | `1.10.0` |
| [pallets-sphinx-themes](https://github.com/pallets/pallets-sphinx-themes) | `2.1.2` | `2.1.3` |
| [pyright](https://github.com/RobertCraigie/pyright-python) | `1.1.359` | `1.1.361` |
| [pytest](https://github.com/pytest-dev/pytest) | `8.1.1` | `8.2.0` |
| [tox](https://github.com/tox-dev/tox) | `4.14.2` | `4.15.0` |



Updates `cryptography` from 42.0.5 to 42.0.7
- [Changelog](https://github.com/pyca/cryptography/blob/main/CHANGELOG.rst)
- [Commits](https://github.com/pyca/cryptography/compare/42.0.5...42.0.7)

Updates `mypy` from 1.9.0 to 1.10.0
- [Changelog](https://github.com/python/mypy/blob/master/CHANGELOG.md)
- [Commits](https://github.com/python/mypy/compare/1.9.0...v1.10.0)

Updates `pallets-sphinx-themes` from 2.1.2 to 2.1.3
- [Release notes](https://github.com/pallets/pallets-sphinx-themes/releases)
- [Changelog](https://github.com/pallets/pallets-sphinx-themes/blob/main/CHANGES.rst)
- [Commits](https://github.com/pallets/pallets-sphinx-themes/compare/2.1.2...2.1.3)

Updates `pyright` from 1.1.359 to 1.1.361
- [Release notes](https://github.com/RobertCraigie/pyright-python/releases)
- [Commits](https://github.com/RobertCraigie/pyright-python/compare/v1.1.359...v1.1.361)

Updates `pytest` from 8.1.1 to 8.2.0
- [Release notes](https://github.com/pytest-dev/pytest/releases)
- [Changelog](https://github.com/pytest-dev/pytest/blob/main/CHANGELOG.rst)
- [Commits](https://github.com/pytest-dev/pytest/compare/8.1.1...8.2.0)

Updates `tox` from 4.14.2 to 4.15.0
- [Release notes](https://github.com/tox-dev/tox/releases)
- [Changelog](https://github.com/tox-dev/tox/blob/main/docs/changelog.rst)
- [Commits](https://github.com/tox-dev/tox/compare/4.14.2...4.15.0)

---
updated-dependencies:
- dependency-name: cryptography
  dependency-type: direct:production
  update-type: version-update:semver-patch
  dependency-group: python-requirements
- dependency-name: mypy
  dependency-type: direct:production
  update-type: version-update:semver-minor
  dependency-group: python-requirements
- dependency-name: pallets-sphinx-themes
  dependency-type: direct:production
  update-type: version-update:semver-patch
  dependency-group: python-requirements
- dependency-name: pyright
  dependency-type: direct:production
  update-type: version-update:semver-patch
  dependency-group: python-requirements
- dependency-name: pytest
  dependency-type: direct:production
  update-type: version-update:semver-minor
  dependency-group: python-requirements
- dependency-name: tox
  dependency-type: direct:development
  update-type: version-update:semver-minor
  dependency-group: python-requirements
...

Signed-off-by: dependabot[bot] <support@github.com>",dependabot[bot],2024-05-06 17:19:27+00:00,15,15,30,4,17,0,3010,1,0,1,1,1,42,0,99.0,0,1,0.0
860a25c390eba8e6c089a818b02800dd9d789864,fix mypy finding,David Lord,2024-05-06 17:23:10+00:00,1,1,2,1,17,0,16,1,0,0,0,1,779,0,223.0,0,0,1.0
d64ecfb244d38b5f31d6dd8f6a9f55731038c093,Bump the python-requirements group across 1 directory with 6 updates (#5476),David Lord,2024-05-06 17:24:44+00:00,16,16,32,5,17,0,76,0,0,1,1,1,779,0,94.0,0,0,0.2
4e894892bc0230c46e998b6ea82b5b07b9943a39,"[pre-commit.ci] pre-commit autoupdate

updates:
- [github.com/astral-sh/ruff-pre-commit: v0.3.5 → v0.4.3](https://github.com/astral-sh/ruff-pre-commit/compare/v0.3.5...v0.4.3)",pre-commit-ci[bot],2024-05-06 22:05:35+00:00,1,1,2,1,22,0,175,0,0,0,0,1,23,0,16851.0,1,0,0.0
67ed36910ddb974a3e98939c55ba0fde1636e426,[pre-commit.ci] pre-commit autoupdate (#5477),David Lord,2024-05-06 22:28:44+00:00,1,1,2,1,22,0,45,0,0,0,0,1,779,0,1389.0,1,0,0.0
9101439d7b7e21d5cf8a4a2a3dc92b9980539c6b,test with python 3.13,David Lord,2024-05-11 15:37:47+00:00,2,1,3,2,15,5,21,0,0,0,1,0,779,0,407343.0,0,0,0.0
bea5876e46144080a06170222396b953a361af48,test with python 3.13 (#5481),David Lord,2024-05-11 15:39:30+00:00,2,1,3,2,15,5,29,0,0,0,1,0,779,0,103.0,0,0,0.0
255c8d66af6daff3eaa063ea0819e185d4d1e214,Merge branch '3.0.x',David Lord,2024-05-11 15:40:26+00:00,2,1,3,2,15,5,20,0,0,0,1,0,779,0,56.0,0,0,0.0
c7da8c2aa3a923fc620ad480a8831a8a0f21ab37,Added python type annotation and return type.,Heisenberg,2024-05-19 20:34:00+00:00,1,1,2,1,20,6,45,0,0,0,0,0,1,1,708814.0,0,0,1.0
767ad19b10c64af1fa328383713ea97e23cc0080,Edited variable names in the rendering templates section of the quickstart guide.,Jake Tanis,2024-05-21 23:08:57+00:00,4,4,8,1,23,1,81,0,1,0,0,0,1,1,182097.0,1,1,0.0
a2f495b9ff26c84e0ac35dcd957718e2d3f53afe,`SESSION_COOKIE_DOMAIN` caveat documentation (#5464),David Lord,2024-05-25 17:27:04+00:00,6,0,6,1,17,5,52,0,0,0,0,0,779,0,325087.0,0,0,0.0
bb16048ad74dfd07364226d02ab656f5a5cf6730,Edited variable names in quickstart guide (#5487),David Lord,2024-05-25 18:27:37+00:00,4,4,8,1,18,5,49,0,1,0,0,0,779,0,3633.0,0,0,0.0
6d126e1013dd9966dc510612a4b97f8f15fca2c4,Added python type annotation and return type. (#5485),David Lord,2024-05-25 18:32:15+00:00,1,1,2,1,18,5,53,0,0,0,0,0,779,0,278.0,0,0,1.0
f567ab90681235f38bdeaeda004d89e85b8627d9,"Bump the python-requirements group in /requirements with 3 updates

Bumps the python-requirements group in /requirements with 3 updates: [pyright](https://github.com/RobertCraigie/pyright-python), [pytest](https://github.com/pytest-dev/pytest) and [pre-commit](https://github.com/pre-commit/pre-commit).


Updates `pyright` from 1.1.361 to 1.1.365
- [Release notes](https://github.com/RobertCraigie/pyright-python/releases)
- [Commits](https://github.com/RobertCraigie/pyright-python/compare/v1.1.361...v1.1.365)

Updates `pytest` from 8.2.0 to 8.2.1
- [Release notes](https://github.com/pytest-dev/pytest/releases)
- [Changelog](https://github.com/pytest-dev/pytest/blob/main/CHANGELOG.rst)
- [Commits](https://github.com/pytest-dev/pytest/compare/8.2.0...8.2.1)

Updates `pre-commit` from 3.7.0 to 3.7.1
- [Release notes](https://github.com/pre-commit/pre-commit/releases)
- [Changelog](https://github.com/pre-commit/pre-commit/blob/main/CHANGELOG.md)
- [Commits](https://github.com/pre-commit/pre-commit/compare/v3.7.0...v3.7.1)

---
updated-dependencies:
- dependency-name: pyright
  dependency-type: direct:production
  update-type: version-update:semver-patch
  dependency-group: python-requirements
- dependency-name: pytest
  dependency-type: direct:production
  update-type: version-update:semver-patch
  dependency-group: python-requirements
- dependency-name: pre-commit
  dependency-type: direct:development
  update-type: version-update:semver-patch
  dependency-group: python-requirements
...

Signed-off-by: dependabot[bot] <support@github.com>",dependabot[bot],2024-06-01 15:12:17+00:00,6,6,12,3,15,5,1559,1,0,1,1,0,42,0,592802.0,0,0,0.0
422e05e28dbae9fdcbca855e6727738f57cfccfe,Bump the python-requirements group in /requirements with 3 updates (#5492),David Lord,2024-06-01 15:16:45+00:00,6,6,12,3,15,5,74,0,0,1,1,1,779,0,268.0,0,0,0.0
e3535f99717bdf3882c0b48bff3e3eb244454e34,"Bump actions/checkout from 4.1.4 to 4.1.6 in the github-actions group

Bumps the github-actions group with 1 update: [actions/checkout](https://github.com/actions/checkout).


Updates `actions/checkout` from 4.1.4 to 4.1.6
- [Release notes](https://github.com/actions/checkout/releases)
- [Changelog](https://github.com/actions/checkout/blob/main/CHANGELOG.md)
- [Commits](https://github.com/actions/checkout/compare/0ad4b8fadaa221de15dcec353f45205ec38ea70b...a5ac7e51b41094c92402da3b24376905380afc29)

---
updated-dependencies:
- dependency-name: actions/checkout
  dependency-type: direct:production
  update-type: version-update:semver-patch
  dependency-group: github-actions
...

Signed-off-by: dependabot[bot] <support@github.com>",dependabot[bot],2024-06-01 15:55:45+00:00,3,3,6,2,15,5,736,1,0,0,1,1,42,0,2340.0,0,0,0.0
0d2100ed17d24b2a30594729b99feebe76839bc5,Bump actions/checkout from 4.1.4 to 4.1.6 in the github-actions group (#5493),David Lord,2024-06-01 16:01:46+00:00,3,3,6,2,16,5,77,0,0,0,1,1,779,0,361.0,0,0,0.0
07c8f19bfd6128c7cbb9c61c41b43a9eeca1b435,"[pre-commit.ci] pre-commit autoupdate

updates:
- [github.com/astral-sh/ruff-pre-commit: v0.4.3 → v0.4.7](https://github.com/astral-sh/ruff-pre-commit/compare/v0.4.3...v0.4.7)",pre-commit-ci[bot],2024-06-03 22:10:27+00:00,1,1,2,1,22,0,175,0,0,0,0,1,23,0,194921.0,1,0,0.0
0ce27278d234c13ce00019540ff8e9891542d1f2,[pre-commit.ci] pre-commit autoupdate (#5495),David Lord,2024-06-03 22:25:32+00:00,1,1,2,1,22,0,45,0,0,0,0,1,779,0,905.0,1,0,0.0
d718ecf6d3dfc4656d262154c59672437c1ea075,"Provide a configuration option to control automatic option responses

By default Flask will provide responses to OPTIONS requests that are
automatically generated. These responses list the valid methods in the
response headers. Whilst this is useful, it can be frowned on by
auditors hence an ability to disable it wholesale is useful.",pgjones,2024-06-05 12:23:18+00:00,14,2,16,4,12,2,335,0,0,1,1,0,22,0,136666.0,0,1,0.5
9efc1ebeeb431769897798cdf8de2c67dcbbc9c0,"add SESSION_COOKIE_PARTITIONED config

co-authored-by: Jose Cespedes <josecespedes@ibm.com>",David Lord,2024-06-10 01:55:22+00:00,34,0,34,5,1,0,91,0,0,1,1,0,779,0,394324.0,1,1,0.6
e165f3aef4dbede5d7e3f71c336c89a268753ae9,"Bump the python-requirements group in /requirements with 5 updates

Bumps the python-requirements group in /requirements with 5 updates:

| Package | From | To |
| --- | --- | --- |
| [cryptography](https://github.com/pyca/cryptography) | `42.0.7` | `42.0.8` |
| [mypy](https://github.com/python/mypy) | `1.10.0` | `1.10.1` |
| [pyright](https://github.com/RobertCraigie/pyright-python) | `1.1.365` | `1.1.369` |
| [pytest](https://github.com/pytest-dev/pytest) | `8.2.1` | `8.2.2` |
| [tox](https://github.com/tox-dev/tox) | `4.15.0` | `4.15.1` |


Updates `cryptography` from 42.0.7 to 42.0.8
- [Changelog](https://github.com/pyca/cryptography/blob/main/CHANGELOG.rst)
- [Commits](https://github.com/pyca/cryptography/compare/42.0.7...42.0.8)

Updates `mypy` from 1.10.0 to 1.10.1
- [Changelog](https://github.com/python/mypy/blob/master/CHANGELOG.md)
- [Commits](https://github.com/python/mypy/compare/v1.10.0...v1.10.1)

Updates `pyright` from 1.1.365 to 1.1.369
- [Release notes](https://github.com/RobertCraigie/pyright-python/releases)
- [Commits](https://github.com/RobertCraigie/pyright-python/compare/v1.1.365...v1.1.369)

Updates `pytest` from 8.2.1 to 8.2.2
- [Release notes](https://github.com/pytest-dev/pytest/releases)
- [Changelog](https://github.com/pytest-dev/pytest/blob/main/CHANGELOG.rst)
- [Commits](https://github.com/pytest-dev/pytest/compare/8.2.1...8.2.2)

Updates `tox` from 4.15.0 to 4.15.1
- [Release notes](https://github.com/tox-dev/tox/releases)
- [Changelog](https://github.com/tox-dev/tox/blob/main/docs/changelog.rst)
- [Commits](https://github.com/tox-dev/tox/compare/4.15.0...4.15.1)

---
updated-dependencies:
- dependency-name: cryptography
  dependency-type: direct:production
  update-type: version-update:semver-patch
  dependency-group: python-requirements
- dependency-name: mypy
  dependency-type: direct:production
  update-type: version-update:semver-patch
  dependency-group: python-requirements
- dependency-name: pyright
  dependency-type: direct:production
  update-type: version-update:semver-patch
  dependency-group: python-requirements
- dependency-name: pytest
  dependency-type: direct:production
  update-type: version-update:semver-patch
  dependency-group: python-requirements
- dependency-name: tox
  dependency-type: direct:development
  update-type: version-update:semver-patch
  dependency-group: python-requirements
...

Signed-off-by: dependabot[bot] <support@github.com>",dependabot[bot],2024-07-01 15:28:16+00:00,10,10,20,3,15,0,2438,1,0,1,1,0,42,0,1863174.0,0,0,0.0
7621b3d96ac2d53846c4df211bc05c5e13420028,"Bump the github-actions group with 2 updates

Bumps the github-actions group with 2 updates: [actions/checkout](https://github.com/actions/checkout) and [pypa/gh-action-pypi-publish](https://github.com/pypa/gh-action-pypi-publish).


Updates `actions/checkout` from 4.1.6 to 4.1.7
- [Release notes](https://github.com/actions/checkout/releases)
- [Changelog](https://github.com/actions/checkout/blob/main/CHANGELOG.md)
- [Commits](https://github.com/actions/checkout/compare/a5ac7e51b41094c92402da3b24376905380afc29...692973e3d937129bcbf40652eb9f2f61becf3332)

Updates `pypa/gh-action-pypi-publish` from 1.8.14 to 1.9.0
- [Release notes](https://github.com/pypa/gh-action-pypi-publish/releases)
- [Commits](https://github.com/pypa/gh-action-pypi-publish/compare/81e9d935c883d0b210363ab89cf05f3894778450...ec4db0b4ddc65acdf4bff5fa45ac92d78b56bdf0)

---
updated-dependencies:
- dependency-name: actions/checkout
  dependency-type: direct:production
  update-type: version-update:semver-patch
  dependency-group: github-actions
- dependency-name: pypa/gh-action-pypi-publish
  dependency-type: direct:production
  update-type: version-update:semver-minor
  dependency-group: github-actions
...

Signed-off-by: dependabot[bot] <support@github.com>",dependabot[bot],2024-07-01 15:56:20+00:00,5,5,10,2,15,0,1243,1,0,0,1,1,42,0,1684.0,0,0,0.0
088b58dbceb09b3234926af8488c016227bd7c0e,Bump the github-actions group with 2 updates (#5516),David Lord,2024-07-01 19:47:02+00:00,5,5,10,2,19,0,52,0,0,0,1,1,779,0,13842.0,0,0,0.0
926ab92118006c74a0a33bcb8f770522d007349a,Bump the python-requirements group in /requirements with 5 updates (#5514),David Lord,2024-07-01 23:14:08+00:00,10,10,20,3,23,0,74,0,0,1,1,1,779,0,12426.0,1,0,0.0
3d357273b50ed9c8ca660f60fde255c26ff7a228,"[pre-commit.ci] pre-commit autoupdate

updates:
- [github.com/astral-sh/ruff-pre-commit: v0.4.7 → v0.5.0](https://github.com/astral-sh/ruff-pre-commit/compare/v0.4.7...v0.5.0)",pre-commit-ci[bot],2024-07-02 00:15:33+00:00,1,1,2,1,0,1,175,0,0,0,0,1,23,0,3685.0,1,0,0.0
66af0e55ef6631d05c691707da19d0f1c46921ea,[pre-commit.ci] pre-commit autoupdate (#5517),David Lord,2024-07-02 11:17:59+00:00,1,1,2,1,11,1,45,0,0,0,0,0,779,0,39746.0,0,0,0.0
321bd74b954156553db3dca8f43b45cdd5a88f76,"Update waitress.rst

fixed a small typo",Amirreza A,2024-07-09 10:20:44+00:00,1,1,2,1,10,1,39,1,0,0,0,0,1,1,601365.0,0,0,0.0
28d5a4d71824ff5823ae310e3fd014b48b33d583,"add encoding parameter to open_resource

co-authored-by: mark <lopkophacked@protonmail.com>",David Lord,2024-07-10 14:37:32+00:00,81,53,134,4,14,2,91,0,0,1,1,1,779,0,101808.0,0,1,0.75
5353f306fe0c64ffa9e73f256ba3cb200652354d,Update waitress.rst (#5522),David Lord,2024-07-11 01:08:49+00:00,1,1,2,1,1,3,27,0,0,0,0,1,779,0,37877.0,1,0,0.0
a8956feba1e40105e7bc78fa62ce36c58d1c91e1,Add encoding parameter to open resource (#5526),David Lord,2024-07-11 02:16:46+00:00,81,53,134,4,2,3,47,0,0,1,1,1,779,0,4077.0,1,1,0.75
4fe0aebab79a092615f5f86a24b91bac07fb2ef2,"Bump the github-actions group with 3 updates

Bumps the github-actions group with 3 updates: [actions/setup-python](https://github.com/actions/setup-python), [actions/upload-artifact](https://github.com/actions/upload-artifact) and [actions/download-artifact](https://github.com/actions/download-artifact).


Updates `actions/setup-python` from 5.1.0 to 5.1.1
- [Release notes](https://github.com/actions/setup-python/releases)
- [Commits](https://github.com/actions/setup-python/compare/82c7e631bb3cdc910f68e0081d67478d79c6982d...39cd14951b08e74b54015e9e001cdefcf80e669f)

Updates `actions/upload-artifact` from 4.3.3 to 4.3.4
- [Release notes](https://github.com/actions/upload-artifact/releases)
- [Commits](https://github.com/actions/upload-artifact/compare/65462800fd760344b1a7b4382951275a0abb4808...0b2256b8c012f0828dc542b3febcab082c67f72b)

Updates `actions/download-artifact` from 4.1.7 to 4.1.8
- [Release notes](https://github.com/actions/download-artifact/releases)
- [Commits](https://github.com/actions/download-artifact/compare/65a9edc5881444af0b9093a5e628f2fe47ea3b2e...fa0a91b85d4f404e444e00e005971372dc801d16)

---
updated-dependencies:
- dependency-name: actions/setup-python
  dependency-type: direct:production
  update-type: version-update:semver-patch
  dependency-group: github-actions
- dependency-name: actions/upload-artifact
  dependency-type: direct:production
  update-type: version-update:semver-patch
  dependency-group: github-actions
- dependency-name: actions/download-artifact
  dependency-type: direct:production
  update-type: version-update:semver-patch
  dependency-group: github-actions
...

Signed-off-by: dependabot[bot] <support@github.com>",dependabot[bot],2024-08-01 15:48:34+00:00,6,6,12,2,15,3,1683,1,0,1,1,0,42,0,1863108.0,0,0,0.0
a791997041b94b8a5effebc296cb427fde8e0ee5,Bump the github-actions group with 3 updates (#5539),David Lord,2024-08-03 14:28:45+00:00,6,6,12,2,14,5,52,0,0,1,1,1,779,0,168011.0,0,0,0.0
326ad3f43c63f84a69d6d08af276cbdf653efc51,"[pre-commit.ci] pre-commit autoupdate

updates:
- [github.com/astral-sh/ruff-pre-commit: v0.5.0 → v0.5.6](https://github.com/astral-sh/ruff-pre-commit/compare/v0.5.0...v0.5.6)",pre-commit-ci[bot],2024-08-05 23:09:19+00:00,1,1,2,1,23,0,175,0,0,0,0,1,23,0,204034.0,1,0,0.0
8a6cdf1e2a5efa81c30f6166602064ceefb0a35b,[pre-commit.ci] pre-commit autoupdate (#5541),David Lord,2024-08-06 15:31:00+00:00,1,1,2,1,15,1,45,0,0,0,0,1,779,0,58901.0,0,0,0.0
9e831e915fa875423af0c0de8f53a3780055919e,fix pyright type errors,bre-17387639,2024-08-06 22:46:15+00:00,22,19,41,10,22,1,23,1,0,1,1,0,1,1,26115.0,1,1,0.8
0f2ae2b9330604247f553f41d310e7c0191275ef,add gha-update,David Lord,2024-08-23 23:32:33+00:00,24,9,33,2,23,4,14,0,0,1,1,0,779,0,1471578.0,1,0,0.0
29a94bd102805eafcea94a185808cd878cd3f5ad,update dev dependencies,David Lord,2024-08-23 23:33:27+00:00,79,85,164,9,23,4,23,0,0,1,1,0,779,0,54.0,1,1,0.0
2d31dce8262a68875c177645fa0c7585a45ac447,remove dependabot,David Lord,2024-08-23 23:33:40+00:00,0,24,24,1,23,4,17,0,0,1,0,0,779,0,13.0,1,0,0.0
176fdfa0002360670f698d3828cfff11f97349f0,fix mypy findings,David Lord,2024-08-23 23:33:52+00:00,14,2,16,2,23,4,17,1,0,1,1,0,779,0,12.0,1,0,1.0
2c5d652493b79eecadd4407f24f2249948bd6ff2,remove unused config,David Lord,2024-08-23 23:33:59+00:00,0,1,1,1,23,4,20,0,0,0,0,1,779,0,7.0,1,0,0.0
4e6384da325f5c328526b998d199c6f957f90ea8,Merge branch '3.0.x',David Lord,2024-08-23 23:34:57+00:00,112,104,216,16,23,4,20,0,0,1,1,1,779,0,58.0,1,1,0.1875
40b78fa2ea9095197608287de9f0d902d2763b00,fix min python for pip-compile,David Lord,2024-08-23 23:41:39+00:00,81,24,105,6,23,4,30,1,0,1,1,1,779,0,402.0,1,0,0.0
eeb5f95a0f24abc5207159cc922cdda8d779f4f6,Merge branch '3.0.x',David Lord,2024-08-23 23:41:53+00:00,81,24,105,6,23,4,20,0,0,1,1,1,779,0,14.0,1,0,0.0
c77b099cbb979269d45df06753cadd8abc662e23,remove min python for pip-compile,David Lord,2024-08-24 00:18:38+00:00,23,81,104,6,0,5,33,0,0,1,1,1,779,0,2205.0,1,0,0.0
7e5307030743b1f198da38c36f83fd279bad4529,Merge branch '3.0.x',David Lord,2024-08-24 00:20:31+00:00,23,81,104,6,0,5,20,0,0,1,1,1,779,0,113.0,1,0,0.0
f93dd6e826a9bf00bf9e08d9bb3a03abcb1e974c,remove pre-commit.ci update,David Lord,2024-08-24 01:05:21+00:00,0,2,2,1,1,5,27,0,0,0,0,0,779,0,2690.0,1,0,0.0
db49548d7168bba319fdba400bc201528cb1d3cd,"set up pre-commit lite workflow

Committed via https://github.com/asottile/all-repos",David Lord,2024-09-01 15:32:27+00:00,15,0,15,1,15,6,84,0,0,1,0,0,779,0,743226.0,0,0,0.0
111e5bd3129deee54ff62b0d13ed7e5739c27108,"set up pre-commit lite workflow

Committed via https://github.com/asottile/all-repos",David Lord,2024-09-01 15:48:02+00:00,0,0,0,1,15,6,84,0,0,0,0,0,779,0,935.0,0,0,0.0
2fec0b206c6e83ea813ab26597e15c96fab08be7,"set up pre-commit lite workflow

Committed via https://github.com/asottile/all-repos",David Lord,2024-09-01 16:04:14+00:00,1,0,1,1,16,6,84,0,0,0,0,0,779,0,972.0,0,0,0.0
e63ead4208c1e56723532878728ef9c2eb197b01,Fix typo in the changelog,Grey Li,2024-09-22 13:42:35+00:00,1,1,2,1,13,6,25,1,0,0,0,0,11,0,1805901.0,0,0,0.0
b337d210583a3f5f84d0f70b56ae9a82b029dab5,update dev dependencies,David Lord,2024-10-18 17:02:35+00:00,67,56,123,9,17,4,23,0,0,1,1,1,779,0,2258400.0,0,1,0.1111111111111111
bca18041b055102857a7e8a12f8694fddda9571b,Merge branch '3.0.x',David Lord,2024-10-18 17:03:09+00:00,67,56,123,9,17,4,20,0,0,1,1,1,779,0,34.0,0,1,0.1111111111111111
c5a5576522273ff028018c4e13d1fc4d0260495b,update CHANGES.rst,David Lord,2024-10-18 17:03:49+00:00,3,0,3,1,17,4,18,0,0,0,0,1,779,0,40.0,0,0,0.0
52c060f718e0f07e9d982d2d97973ead0f4d55ca,Fix typo in the changelog (#5609),David Lord,2024-10-18 19:59:21+00:00,1,1,2,1,19,4,33,1,0,0,0,0,779,0,10532.0,0,0,0.0
dffe3034825edc4f84aded013fc9c6590e545ed5,fix mypy findings,David Lord,2024-10-18 20:04:35+00:00,1,1,2,1,20,4,17,1,0,0,0,1,779,0,314.0,0,0,1.0
52ccd66735ba1f6e67d06e747d6a641980b788a3,use python 3.9 to test dev versions,David Lord,2024-10-18 20:19:51+00:00,2,2,4,2,20,4,35,0,0,0,1,1,779,0,916.0,0,0,0.0
d273f87a41e72db8ef1387f469ffa1c6eed39730,use python 3.9 to test dev versions (#5615),David Lord,2024-10-18 20:22:45+00:00,2,2,4,2,20,4,43,0,0,0,1,1,779,0,174.0,0,0,0.0
74721b48f0347f19f134f386fab3421e5132fb53,Fix the issue link in the Flask 3.0.1 Changelog in the send_file argument type entry,Catarina Bressan,2024-10-22 20:32:02+00:00,1,1,2,1,20,1,84,1,0,0,0,1,1,1,346157.0,0,0,0.0
68150d4cafc796dba2b595c320a09222394bfc1a,Fix the issue link in the Flask 3.0.1 Changelog in the send_file argu… (#5618),David Lord,2024-10-22 21:16:56+00:00,1,1,2,1,21,1,78,1,0,0,0,1,779,0,2694.0,0,0,0.0
9b5549313e98044b89edb7078641d1d729b4a6c2,Merge branch '3.0.x',David Lord,2024-10-23 20:45:17+00:00,3,3,6,3,20,2,20,0,0,0,1,1,779,0,84501.0,0,0,0.0
8f2bc008ad724a52f3669ecb2de59c98deb69ce1,update dev dependencies,David Lord,2024-10-24 20:27:52+00:00,15,15,30,6,20,3,23,0,0,1,1,1,779,0,85355.0,0,1,0.0
96800fb673cb7b2d75476096798e701e3e6d26bc,update test workflow trigger,David Lord,2024-10-24 20:28:46+00:00,3,11,14,1,20,3,28,0,0,1,0,1,779,0,54.0,0,0,0.0
2778b7c23f37d4f3cfed4cadac4bc9c90e098c50,Merge branch 'stable',David Lord,2024-10-24 20:28:57+00:00,19,27,46,7,20,3,21,0,0,1,1,0,779,0,11.0,0,1,0.0
5e8cb740187c0561b36323dfc8510e58c3066838,update test workflow trigger,David Lord,2024-10-24 20:29:34+00:00,1,1,2,1,20,3,28,0,0,0,0,0,779,0,37.0,0,0,0.0
e8b91cd38aadafdf733558bbcea4810fa65bb849,fix pyright type errors (#5620),David Lord,2024-10-24 21:54:53+00:00,22,19,41,10,21,3,31,1,0,1,1,1,779,0,5119.0,0,0,0.8
1d610e44b396d11113bb6a5d168cc5e996a6dfb9,drop support for Python 3.8,David Lord,2024-10-31 19:28:46+00:00,25,42,67,12,19,3,27,0,0,1,1,1,779,0,596033.0,0,0,0.4166666666666667
99ce7ed0e40686ec2583f90bd1cca37a207b4ea7,drop support for Python 3.8 (#5623),David Lord,2024-10-31 19:32:10+00:00,25,42,67,12,19,3,35,0,0,1,1,1,779,0,204.0,0,0,0.4166666666666667
227838c4727ba780e6fb4a7c372ae62357cac4c6,no need for separate requirements-skip folder anymore,David Lord,2024-10-31 19:59:47+00:00,3,4,7,5,19,3,53,0,0,0,1,1,779,0,1657.0,0,0,0.0
39e7208366bcf549fd7a2678a6d815dfe39196c5,update dev dependencies,David Lord,2024-10-31 20:04:44+00:00,57,56,113,6,20,3,23,0,0,1,1,0,779,0,297.0,0,0,0.0
8f37c82f6144fffc2ed30e49ee81a54702a0f317,update min dependencies,David Lord,2024-10-31 20:11:06+00:00,13,11,24,5,20,3,23,0,0,1,1,0,779,0,382.0,0,0,0.0
62c56e08c43f5eb174d15dd050591cfba9aed548,update minimum dependencies (#5624),David Lord,2024-10-31 20:15:29+00:00,76,74,150,12,20,3,35,0,0,1,1,0,779,0,263.0,0,1,0.0
c7a53888a1a514619b0611fd8b7928592f4ed612,add config and docs for limits,David Lord,2024-11-01 20:13:05+00:00,231,33,264,7,20,4,30,0,0,1,1,0,779,0,86256.0,0,1,0.5714285714285714
6f2014d353d514e404c1f40e8f0a24e2bf62b941,add config and docs for limits (#5626),David Lord,2024-11-01 20:21:35+00:00,231,33,264,7,20,4,38,0,0,1,1,0,779,0,510.0,0,0,0.5714285714285714
ce08bc704e24c01582052f5c544fae181d08386f,add SESSION_COOKIE_PARTITIONED config (#5499),David Lord,2024-11-01 23:26:37+00:00,34,0,34,5,23,4,45,0,0,1,1,0,779,0,11102.0,1,0,0.6
df201ed152b61c439ea1ace179f35b424594ba6c,fix js example test,David Lord,2024-11-01 23:44:17+00:00,1,1,2,1,23,4,19,1,0,0,0,0,779,0,1060.0,1,0,1.0
8aa161a43731795841fa2678d3dff0559cee527e,add sqlite datetime converter,David Lord,2024-11-02 00:18:52+00:00,14,0,14,2,0,5,29,0,0,1,1,1,779,0,2075.0,1,0,0.5
a9b99b3489cc24b5bed99fbadbd91f598a5a1420,update example project metadata,David Lord,2024-11-02 01:00:39+00:00,6,4,10,5,1,5,31,0,0,0,1,1,779,0,2507.0,1,0,0.0
c62b03bcfd6e6440f8195e02f4678488e16121ac,fix example and tutorial compatibility and update metadata (#5627),David Lord,2024-11-02 01:06:11+00:00,21,5,26,8,1,5,66,1,0,1,1,1,779,0,332.0,1,0,0.25
98ae71897600a3162f529b1b30c70b8abdf0961b,fix mypy finding,David Lord,2024-11-02 01:06:34+00:00,1,1,2,1,1,5,16,1,0,0,0,1,779,0,23.0,1,0,1.0
6c44dd4bb8e4f2ca5f135f172de4725b2cada155,"update helpers.send_from_directory docstring (#5599)

Update helpers.send_from_directory docstring to match werkzeug.utils.send_from_directory docstring on the :param directory: line.",David,2024-11-06 17:47:57+00:00,2,1,3,1,17,2,183,0,0,0,0,1,1,1,405683.0,0,0,1.0
2c3160304278d323da8485057770926d1b582579,update env file precedence,David Lord,2024-11-07 19:27:51+00:00,90,47,137,3,19,3,26,0,0,1,1,1,779,0,92394.0,0,1,0.6666666666666666
7522c4bcdb10449dc919e0ffbdebb92fe66822b5,update env file precedence (#5630),David Lord,2024-11-07 19:56:26+00:00,90,47,137,3,19,3,34,0,0,1,1,1,779,0,1715.0,0,1,0.6666666666666666
e13373f838ab34027c5a80e16a6cb8262d41eab7,enable secret key rotation,David Lord,2024-11-08 16:09:01+00:00,55,7,62,9,16,4,26,0,0,1,1,0,779,0,72755.0,0,0,0.6666666666666666
a20bcff8dc4e263312cfd74c11e432bfe8c194c1,enable secret key rotation (#5632),David Lord,2024-11-08 16:16:04+00:00,55,7,62,9,16,4,34,0,0,1,1,0,779,0,423.0,0,0,0.6666666666666666
470e2b8d17fd0032271b21f1d6775d48c3855a79,update min blinker version,David Lord,2024-11-08 17:48:59+00:00,4,4,8,4,17,4,26,0,0,0,1,0,779,0,5575.0,0,0,0.0
07c7d5730a2685ef2281cc635e289685e5c3d478,update min blinker version (#5633),David Lord,2024-11-08 17:55:00+00:00,4,4,8,4,17,4,34,0,0,0,1,0,779,0,361.0,0,0,0.0
4995a775df21a206b529403bc30d71795a994fd4,fix subdomain_matching=False behavior,David Lord,2024-11-11 04:13:05+00:00,98,43,141,5,4,0,37,1,0,1,1,0,779,0,209885.0,1,1,0.6
10bdf61a0f751f3cb000f8f8ac5ac5b4bb535677,setting `SERVER_NAME` does not restrict routing for both `subdomain_matching` and `host_matching` (#5634),David Lord,2024-11-12 18:13:39+00:00,98,43,141,5,18,1,105,0,0,1,1,1,779,0,136834.0,0,0,0.6
4f7156f2c3271613b34d04040b502b9d7ae35eb9,configure and check trusted_hosts,David Lord,2024-11-13 04:32:53+00:00,40,0,40,4,4,2,33,0,0,1,1,1,779,0,37154.0,1,0,0.5
7b21d43d4c763b874bc86d4c2d69a48ee492dc22,configure and check `request.trusted_hosts` (#5637),David Lord,2024-11-13 05:03:23+00:00,40,0,40,4,5,2,51,0,0,1,1,1,779,0,1830.0,1,0,0.5
f49dbfd3e451006a485e81ebce030495131c4454,use generic bases for session,David Lord,2024-11-13 16:22:57+00:00,7,5,12,1,16,2,29,0,0,1,0,0,779,0,40774.0,0,0,1.0
2eab96a32a92ceb4b6947102626f896816a0291d,use generic bases for session (#5638),David Lord,2024-11-13 16:27:11+00:00,7,5,12,1,16,2,37,0,0,1,0,0,779,0,254.0,0,0,1.0
ab8149664182b662453a563161aa89013c806dc9,release version 3.1.0,David Lord,2024-11-13 16:43:28+00:00,3,3,6,2,16,2,21,0,0,0,1,0,779,0,977.0,0,0,0.0
22c48a738b5fb5b5cf09fb77270139f116069748,Merge remote-tracking branch 'origin/stable',David Lord,2024-11-13 16:43:48+00:00,23,6,29,9,16,2,44,0,0,1,1,0,779,0,20.0,0,0,0.3333333333333333
6748a09341deeac16acb33996df95a31fae0c545,update dev dependencies,David Lord,2024-11-13 16:48:10+00:00,11,11,22,7,16,2,23,0,0,1,1,0,779,0,262.0,0,0,0.0
70602a196a6da90eb0d34cdfe5d4d16a99606279,remove test pypi,David Lord,2024-11-13 17:23:24+00:00,0,4,4,1,17,2,16,0,0,0,0,0,779,0,2114.0,0,0,0.0
bc098406af9537aacc436cb2ea777fbc9ff4c5aa,release version 3.1.0 (#5640),David Lord,2024-11-13 18:27:38+00:00,3,3,6,2,18,2,29,0,0,0,1,0,779,0,3854.0,0,0,0.0
410e5ab7ed0ef326fa8b5164a633863f137ffff5,Accept `AsyncIterable` for responses,CoolCat467,2024-11-18 18:55:14+00:00,6,0,6,2,18,0,36,0,0,0,1,0,1,1,433656.0,0,0,0.5
18ffe1eaf6c2eeffc898f4e8a590c062c40b30dc,add gettext config for docs,David Lord,2024-11-21 03:37:06+00:00,3,0,3,1,3,3,27,0,0,0,0,0,779,0,204112.0,1,0,1.0
54c3f87af9f6c0d6622cec2c3d9695b0229fb8fa,fix type hint for `cli_runner.invoke`,kurtatter,2024-11-23 00:23:09+00:00,4,1,5,2,0,5,37,1,0,0,1,0,1,1,161163.0,1,0,0.5
4fec712f329ceecd38729af6404a2c32aed83648,start version 3.2.0,David Lord,2024-11-23 23:33:38+00:00,7,1,8,2,23,5,19,0,0,0,1,0,779,0,83429.0,1,0,0.0
d22bfcd4cfe3b93daddfce8521f77447ca8d6b84,remove previously deprecated code,David Lord,2024-11-23 23:41:36+00:00,2,21,23,2,23,5,33,0,0,1,1,0,779,0,478.0,1,1,0.5
d5b7a05ab2a053c617149cfd4f7e3379bfd279e5,remove previously deprecated code (#5648),David Lord,2024-11-23 23:59:30+00:00,2,21,23,2,23,5,41,0,0,1,1,0,779,0,1074.0,1,0,0.5
dcbe86bd1577bad9a1356acca5fced7d3fb3a0c3,start version 3.1.1,David Lord,2024-11-24 00:01:16+00:00,7,1,8,2,0,6,19,0,0,0,1,0,779,0,106.0,1,0,0.0
b394a994e6d632643d0061e0e67772f076925951,update `__version__` deprecation,David Lord,2024-11-24 00:03:47+00:00,1,1,2,1,0,6,32,0,0,0,0,0,779,0,151.0,1,0,1.0
ea08f155d8d37d515559534bbe0f80ef5185466c,update `__version__` deprecation (#5649),David Lord,2024-11-24 00:06:37+00:00,1,1,2,1,0,6,40,0,0,0,0,0,779,0,170.0,1,0,1.0
f2674c5bb4f7a79f836069859a346b81771eeee5,fix type hint for `cli_runner.invoke` (#5647),David Lord,2024-11-24 01:52:56+00:00,4,1,5,2,1,6,45,1,0,0,1,1,779,0,6379.0,1,0,0.5
6b054f8f3876ff4c31580b014d344c4cf491059d,Merge branch 'stable',David Lord,2024-11-24 01:54:29+00:00,13,1,14,3,1,6,21,0,0,1,1,1,779,0,93.0,1,1,0.6666666666666666
75a8327cfd6eb912e469a8a613151d7ee50a1c1c,Update mongoengine.rst,zhuangzhuang,2024-11-27 10:14:18+00:00,1,1,2,1,10,2,22,0,0,0,0,1,1,1,289189.0,0,0,0.0
6b361ce06b08454329286214072139228e8c2f33,markdown formatting,David Lord,2025-01-05 17:01:49+00:00,4,6,10,1,17,6,19,0,0,0,0,1,779,0,3394051.0,0,0,0.0
5b525e97970b1b9706b4415de79abfe33e5955fc,"markdown formatting

(cherry picked from commit 6b361ce06b08454329286214072139228e8c2f33)",David Lord,2025-01-05 17:01:49+00:00,4,6,10,1,17,6,89,0,0,0,0,0,779,0,0.0,0,0,0.0
60a11a730e8aa2450115385798ab8710804c6409,"use global contributing guide

Remove the per-project files so we don't have to
keep them in sync. GitHub's UI links to everything
except the contributing guide, so add a section
about that to the readme.",David Lord,2025-01-05 17:02:41+00:00,18,317,335,5,17,6,204,0,0,1,1,1,779,0,52.0,0,1,0.0
959052fb8d49c4473f6d8a928d745ae7c38c7e95,"use global contributing guide

Remove the per-project files so we don't have to
keep them in sync. GitHub's UI links to everything
except the contributing guide, so add a section
about that to the readme.

(cherry picked from commit 60a11a730e8aa2450115385798ab8710804c6409)",David Lord,2025-01-05 17:02:41+00:00,18,317,335,5,17,6,274,0,0,1,1,0,779,0,0.0,0,1,0.0
f61172b8dd3f962d33f25c50b2f5405e90ceffa5,Merge branch 'stable',David Lord,2025-01-05 17:10:00+00:00,0,0,0,0,17,6,21,0,0,0,0,0,779,0,439.0,0,0,0.0
f51a23839aa55aee2f2a9196c344df6eecd854d7,fix bash cli syntax error and app name,kotvkvante,2025-01-25 22:12:11+00:00,2,2,4,1,22,5,38,1,0,0,0,1,1,1,1746131.0,1,0,0.0
da600394865c06a4772c433c1a560453dcf4f868,"Handle help arg by itself the same as no args

When the 'flask' command is used with only the '--help' parameter, this
change will make sure to try and load the app before the help callback
is run. This was previously only being done when the 'flask' command was
used by itself. This meant when passing in '--help', any custom commands
were not getting shown in the help message. With this change, custom
commands will be included in the help message when running 'flask' on
the command line by itself or with the '--help' parameter.",George Waters,2025-01-30 03:22:52+00:00,5,1,6,2,3,3,533,0,0,0,1,1,1,1,364241.0,1,0,0.5
fb54159861708558b5f5658ebdc14709d984361c,"secret key rotation: fix key list ordering

The `itsdangerous` serializer interface[1] expects keys to be
provided with the oldest key at index zero and the active signing key
at the end of the list.

We document[2] that `SECRET_KEY_FALLBACKS` should be configured with
the most recent first (at index zero), so to achieve the expected
behaviour, those should be inserted in reverse-order at the head of
the list.

[1] - https://itsdangerous.palletsprojects.com/en/stable/serializer/#itsdangerous.serializer.Serializer

[2] - https://flask.palletsprojects.com/en/stable/config/#SECRET_KEY_FALLBACKS",James Addison,2025-03-10 16:34:12+00:00,15,5,20,3,16,0,598,1,0,1,1,0,1,1,3417080.0,0,0,0.6666666666666666
2ae36c8dd5c9d24578d9fca85f8c351290d0de04,"Remove HTTP Public Key Pinning from docs

The header is considered obsolete and no longer supported by any major
browser. MDN link is dead.",black,2025-03-24 09:42:52+00:00,0,13,13,1,9,0,139,0,0,1,0,0,1,1,1184920.0,0,0,0.0
235c52fa10094135746d04a5b6a7bea8125357f0,fix rtd build,David Lord,2025-03-29 21:37:13+00:00,1,0,1,1,21,5,13,1,0,0,0,0,779,0,474861.0,0,0,0.0
165af0a090e229e94ccd93896efc15b9fe0488da,update dev dependencies,David Lord,2025-03-29 21:44:59+00:00,64,58,122,10,21,5,23,0,0,1,1,1,779,0,466.0,0,1,0.2
04b070fa26b346b48bd66d317e72de75e001a2e7,Fix typo in the docs (#5650),David Lord,2025-03-29 21:49:06+00:00,1,1,2,1,21,5,28,1,0,0,0,1,779,0,247.0,0,0,0.0
08c480b3b31e896698bb773069026a61eb53d158,Update app factory docs (#5671),David Lord,2025-03-29 22:10:55+00:00,2,2,4,1,22,5,31,0,0,0,0,1,779,0,1309.0,1,0,0.0
5ea0ab8ea21b0c11ee6098e6b052463687af602a,Handle help arg by itself the same as no args (#5674),David Lord,2025-03-29 22:15:04+00:00,5,1,6,2,22,5,53,0,0,0,1,1,779,0,249.0,1,0,0.5
c7c8dc38ea2890d62b7aaff7e4c016e4b98101b0,Remove HTTP Public Key Pinning from docs (#5695),David Lord,2025-03-29 22:17:48+00:00,0,13,13,1,22,5,48,0,0,1,0,0,779,0,164.0,1,0,0.0
7d5d1874581209f66ad7bcdfb7f85b2b9a7ca471,better type checking during deprecation,David Lord,2025-03-29 22:23:34+00:00,14,13,27,1,22,5,39,0,0,1,0,0,779,0,346.0,1,1,1.0
315ebc11765ed3b9da8b5271602e89a403376c24,better type checking during deprecation (#5700),David Lord,2025-03-29 22:28:27+00:00,14,13,27,1,22,5,47,0,0,1,0,0,779,0,293.0,1,0,1.0
c94d2a77db0102a7cf8ceec7804f366f180c373f,add endpoint name in favicon example,David Lord,2025-03-29 22:30:56+00:00,5,2,7,1,22,5,36,0,0,0,0,0,779,0,149.0,1,0,0.0
2732c4db66763462c2795d2287b61d4f77031342,add endpoint name in favicon example (#5701),David Lord,2025-03-29 22:32:28+00:00,5,2,7,1,22,5,44,0,0,0,0,0,779,0,92.0,1,0,0.0
41ec5760a2c55a099c3a1733fdd36fbb1258a02b,remove tests about deprecated pkgutil.get_loader,David Lord,2025-03-29 22:42:58+00:00,3,35,38,2,22,5,48,0,0,1,1,0,779,0,630.0,1,0,1.0
73ce26c3e822cdc2ccf99625619a50c91f163f8d,remove tests about deprecated pkgutil.get_loader (#5702),David Lord,2025-03-29 22:45:11+00:00,3,35,38,2,22,5,56,0,0,1,1,0,779,0,133.0,1,0,1.0
bfffe87d4c2ea255b9a51432bebb3d28741245c4,add ghsa links,David Lord,2025-03-29 22:57:16+00:00,2,0,2,2,22,5,14,0,0,0,1,0,779,0,725.0,1,0,0.5
cbb6c36692f7d882e9026597624c0eb38e01f9cb,update docs about fallback order,David Lord,2025-03-29 23:18:43+00:00,6,3,9,1,23,5,32,0,0,0,0,1,779,0,1287.0,1,0,0.0
e7851665071cb93b3c70b1e7103f82d1e6d01f5d,Async Iterable Response (#5659),David Lord,2025-03-30 20:15:54+00:00,6,0,6,2,20,6,31,0,0,0,1,0,779,0,75431.0,0,0,0.5
b78b5a210bde49e7e04b62a2a4f453ca10e0048c,Merge branch 'stable',David Lord,2025-03-30 20:17:17+00:00,89,112,201,21,20,6,21,0,0,1,1,0,779,0,83.0,0,1,0.3333333333333333
7bf3be8dfa5832ef03a3fd8f07f6736e770440e4,"Update server.rst

made changes to rename system preferences to system settings according to new mac os name change",abhiram kamini,2025-05-01 15:40:57+00:00,1,1,2,1,15,3,115,0,0,0,0,1,1,1,2748220.0,0,0,0.0
11c45eeba3b5bcf06b84f4e864862f1019a3faa3,update dev dependencies,David Lord,2025-05-11 12:58:48+00:00,34,34,68,11,12,6,23,0,0,1,1,0,779,0,854271.0,0,0,0.09090909090909091
0109e496f6ca68de29480fe6413e81b1d3f86aa9,use uv,David Lord,2025-05-12 00:45:03+00:00,1876,534,2410,24,0,0,6,0,0,1,1,0,779,0,42375.0,1,1,0.041666666666666664
941efd4a36ed0f27e13758874f95e3aa1d3ee163,use uv (#5727),David Lord,2025-05-12 01:04:35+00:00,1876,534,2410,24,1,0,14,0,0,1,1,0,779,0,1172.0,1,1,0.041666666666666664
bc143499cf1137a271a7cf75bdd3e16e43ede2f0,Merge branch 'stable',David Lord,2025-05-12 01:08:43+00:00,1870,528,2398,23,1,0,21,0,0,1,1,0,779,0,248.0,1,0,0.0
73d6504063bfa00666a92b07a28aaf906c532f09,"Merge commit from fork

Sessions: fix signing key selection when key rotation is enabled",David Lord,2025-05-13 14:46:54+00:00,21,8,29,4,14,1,88,1,0,1,1,1,779,0,135491.0,0,0,0.5
7fff56f5172c48b6f3aedf17ee14ef5c2533dfd1,release version 3.1.1,David Lord,2025-05-13 14:51:12+00:00,4,4,8,3,14,1,21,0,0,0,1,1,779,0,258.0,0,0,0.0
57e72869486e89b45f6fd0a07cdd0adf80f5db1b,release version 3.1.1 (#5730),David Lord,2025-05-13 15:01:42+00:00,4,4,8,3,15,1,29,0,0,0,1,1,779,0,630.0,0,0,0.0
bbaf13333fd00644313488243cfe547b13dcae78,fix syntax,David Lord,2025-05-13 15:09:39+00:00,2,2,4,1,15,1,10,1,0,0,0,1,779,0,477.0,0,0,0.0
e7e53807766ef1470bce546716a675ded4b08597,Merge branch 'stable',David Lord,2025-05-13 15:10:30+00:00,24,11,35,4,15,1,21,0,0,1,1,1,779,0,51.0,0,1,0.5
52df9eed45d0b19c588662ed8492d8fbaa0e7098,drop end of life python versions,David Lord,2025-05-13 15:31:54+00:00,78,284,362,11,15,1,32,0,0,1,1,1,779,0,1284.0,0,1,0.45454545454545453
a5f9742398c9429ef84ac8a57b0f3eb418394d9e,drop end of life python versions (#5731),David Lord,2025-05-13 15:35:41+00:00,78,284,362,11,15,1,40,0,0,1,1,1,779,0,227.0,0,1,0.45454545454545453
daf1510a4bda652ac2cfca03ec5567b03ddf8bf1,use template_filter without parens,kadai0308,2025-05-17 04:17:18+00:00,272,23,295,6,4,5,34,0,0,1,1,0,1,1,304897.0,1,0,0.6666666666666666
184ec3c5453e1156372085df35e8d922ce7e3559,Fix global CONTRIBUTING link,AJ Jordan,2025-05-18 15:11:00+00:00,1,1,2,1,15,6,28,1,0,0,0,0,1,1,125622.0,0,0,0.0
a42c4d54a3e5cd56c0700479ede75157a748acd6,Fix global CONTRIBUTING link (#5737),David Lord,2025-05-20 16:30:04+00:00,1,1,2,1,16,1,36,1,0,0,0,1,779,0,177544.0,0,0,0.0
0f83958247e9eab1c7f62903601dfd5fe10c640f,"demonstrate escaping with query string

slash in value would be interpreted as a path separator in the URL",Badhreesh,2025-05-21 18:35:11+00:00,6,8,14,1,18,2,106,0,0,1,0,0,1,1,93907.0,0,0,0.0
adeea0070700671230733879846417c80f4e62b1,"remove slsa provenance

PyPI trusted publishing has its own attestation support now.",David Lord,2025-06-08 16:43:05+00:00,3,26,29,2,16,6,84,0,0,1,1,1,779,0,1548474.0,0,0,0.0
c07b201ce336c3e49ae3b6fa81aaf4fb871d90ba,"Merge pull request #5754

remove slsa provenance",David Lord,2025-06-08 16:47:45+00:00,3,26,29,2,16,6,48,0,0,1,1,1,779,0,280.0,0,0,0.0
f04c5e696400badaa52b3450ded53e9091c2078a,update dev dependencies,David Lord,2025-06-08 16:52:11+00:00,239,229,468,11,16,6,23,0,0,1,1,0,779,0,266.0,0,1,0.5454545454545454
e9741288637e0d9abe95311247b4842a017f7d5c,Merge branch 'stable',David Lord,2025-06-08 16:54:32+00:00,220,233,453,13,16,6,21,0,0,1,1,0,779,0,141.0,0,1,0.46153846153846156
a758915893352f5986c6ee101cdf7e3b7a64fa28,svg logo,David Lord,2025-06-09 21:31:31+00:00,9,3,12,9,21,0,8,0,0,1,1,0,779,0,103019.0,0,0,0.1111111111111111
a7b67c99f922f26b1071a90994e14261dc0a6df2,svg logo (#5757),David Lord,2025-06-09 21:33:26+00:00,9,3,12,9,21,0,16,0,0,1,1,0,779,0,115.0,0,0,0.1111111111111111
211cce038ab6354a15a76b2c7f98fa98bfc9e6a3,Merge branch 'stable',David Lord,2025-06-09 21:33:44+00:00,9,3,12,9,21,0,21,0,0,1,1,0,779,0,18.0,0,0,0.1111111111111111
2b42a803a25e56a3a0e2af939ee5be4dcc3f29c8,cleanup svg,David Lord,2025-06-10 04:20:36+00:00,3,3,6,3,4,1,11,0,0,0,1,0,779,0,24412.0,1,0,0.0
d6009c0aeb3c7fe3a841733e9dbdfbbb63b9bfd1,Merge branch 'stable',David Lord,2025-06-10 04:20:46+00:00,3,3,6,3,4,1,21,0,0,0,1,0,779,0,10.0,1,0,0.0
f17d9869489aea57d3fa05d5a3f1504fcf8e588c,cleanup svg,David Lord,2025-06-10 20:18:15+00:00,59,3,62,3,20,1,11,0,0,1,1,0,779,0,57449.0,0,1,0.0
284273e3c5d8005bbb4b43c4d934409a5215886e,Merge branch 'stable',David Lord,2025-06-10 20:18:26+00:00,59,3,62,3,20,1,21,0,0,1,1,0,779,0,11.0,0,1,0.0
85cc71046475f9cb3efd17d496356795961249f9,svg logo,David Lord,2025-06-12 20:46:49+00:00,48,52,100,8,20,3,8,0,0,1,1,0,779,0,174503.0,0,1,0.125
85c5d93cbd049c4bd0679c36fd1ddcae8c37b642,Merge branch 'stable',David Lord,2025-06-12 20:48:07+00:00,48,52,100,8,20,3,21,0,0,1,1,0,779,0,78.0,0,0,0.125
d44f1c65239c3e33509224aa1931631243dbfa7f,relax type hint for bytes io,Tero Vuotila,2025-07-16 09:21:50+00:00,2,1,3,2,9,2,28,0,0,0,1,1,1,1,2896423.0,0,0,0.5
4dd52ca9c768c9b6d04180f0547d6f4b6e34f211,Update GitHub Actions workflow for artifact handling,Grant Birkinbine,2025-08-07 04:44:28+00:00,16,3,19,1,4,3,52,0,0,1,0,0,1,1,1884158.0,1,0,0.0
53b8f08218796d95764c5252bccd8a50a173a6fb,push preserved contexts in correct order,David Lord,2025-08-18 16:41:03+00:00,15,23,38,3,16,0,40,0,0,1,1,0,779,0,993395.0,0,0,0.6666666666666666
5addaf833b2e8c7a616f89dd8ad5a44b07d7c000,start version 3.1.2,David Lord,2025-08-18 16:42:21+00:00,9,3,12,3,16,0,19,0,0,1,1,0,779,0,78.0,0,0,0.0
24824ff666e096c4c07d0b75a889088571afe4a6,push preserved contexts in correct order (#5797),David Lord,2025-08-18 16:56:39+00:00,15,23,38,3,16,0,48,0,0,1,1,0,779,0,858.0,0,0,0.6666666666666666
7fea7cf15688b2a2712b01c45c9e3385ea382e67,Update macOS UI reference to “System Settings” (#5723),David Lord,2025-08-18 17:08:07+00:00,1,1,2,1,17,0,54,0,0,0,0,0,779,0,688.0,0,0,0.0
c56c5ec7c41e6ffd02516bf7cb80dd2ba9ba7aa3,Docs: Fix escaping in HTML escaping example (#5742),David Lord,2025-08-18 17:20:06+00:00,6,8,14,1,17,0,51,1,0,1,0,0,779,0,719.0,0,0,0.0
1dfd7cd5555d9e62a2e198a131c366242e724b35,use IO[bytes] instead of BinaryIO for wider compatibility (#5777),David Lord,2025-08-18 17:26:12+00:00,2,1,3,2,17,0,65,0,0,0,1,1,779,0,366.0,0,0,0.5
ff64079a516c269f171ababf3d92b86886a62ffd,update flask-talisman link,David Lord,2025-08-18 17:51:12+00:00,1,1,2,1,17,0,26,0,0,0,0,1,779,0,1500.0,0,0,0.0
b228ca3d87745b746d904a2108429617a814ffda,security docs for TRUSTED_HOSTS,David Lord,2025-08-18 18:42:48+00:00,21,0,21,1,18,0,31,0,0,1,0,0,779,0,3096.0,0,1,0.0
49b7e7bc8fb69d605719991d1c0a99fcee689053,security docs for TRUSTED_HOSTS (#5798),David Lord,2025-08-18 18:44:57+00:00,21,0,21,1,18,0,39,0,0,1,0,0,779,0,129.0,0,0,0.0
9822a0351574790cb66c652fcc396ad7aa2b09d8,refactor stream_with_context for async views,David Lord,2025-08-19 15:18:55+00:00,63,32,95,3,15,1,44,0,0,1,1,0,779,0,74038.0,0,1,0.6666666666666666
38b4c1e19b50494cfcdc9332899e09b7fed34979,refactor stream_with_context for async views (#5799),David Lord,2025-08-19 15:23:51+00:00,63,32,95,3,15,1,52,0,0,1,1,0,779,0,296.0,0,1,0.6666666666666666
d8259eb11900285af9b80b0fa47f841174c054e3,use Jinja name consistently,David Lord,2025-08-19 17:43:16+00:00,31,31,62,9,17,1,27,0,0,1,1,0,779,0,8365.0,0,0,0.2222222222222222
edebd3704437f19b5b137eaffe97130fe817d144,"rewrite docs, clean up typing for template decorators",David Lord,2025-08-19 19:29:47+00:00,228,179,407,3,19,1,53,0,0,1,1,0,779,0,6391.0,0,1,0.6666666666666666
ed1c9e953e2d67c0994e32e6c8d878291e36d4f7,support call template_filter without parens (#5736),David Lord,2025-08-19 19:36:00+00:00,410,112,522,6,19,1,51,0,0,1,1,0,779,0,373.0,0,1,0.6666666666666666
55c62556571ee46a94da174643b50ece06edead4,update dev dependencies,David Lord,2025-08-19 20:41:24+00:00,444,398,842,5,20,1,23,0,0,1,1,0,779,0,3924.0,0,1,0.0
2c1b30d0503cfb064f1cb252e6614a06915a362a,release version 3.1.2,David Lord,2025-08-19 20:42:11+00:00,5,5,10,3,20,1,21,0,0,0,1,0,779,0,47.0,0,0,0.0
1292419ddfc6a14fc7f85b5ed7efcc2d215f1ad3,Update GitHub Actions workflow for artifact handling (#5795),David Lord,2025-08-19 20:56:49+00:00,16,3,19,1,20,1,60,0,0,1,0,0,779,0,878.0,0,0,0.0
85793d6c223dd845e8f218403a5ced83041d37e1,release version 3.1.2 (#5800),David Lord,2025-08-19 21:03:43+00:00,5,5,10,3,21,1,29,0,0,0,1,0,779,0,414.0,0,0,0.0
330123258e8c3dc391cbe55ab1ed94891ca83af3,Merge branch 'stable',David Lord,2025-08-19 21:09:56+00:00,560,449,1009,20,21,1,21,0,0,1,1,0,779,0,373.0,0,1,0.35
dbd4c2882593f6118103120aa96fa9acdf7deedb,Changed the static annotated type of select_jinja_autoescape method in src/flask/sansio/app.py,subhajitsaha01,2025-09-06 16:31:22+00:00,1,1,2,1,16,5,94,0,0,0,0,0,1,1,1538486.0,0,0,1.0
c2705ffd9ce1dc8476cb29eaf5ff5d4c719852d9,merge app and request context,David Lord,2025-09-12 21:52:03+00:00,779,1007,1786,36,21,4,29,0,0,1,1,0,779,0,537641.0,0,1,0.4444444444444444
adf363679da2d9a5ddc564bb2da563c7ca083916,merge app and request context (#5812),David Lord,2025-09-19 23:45:27+00:00,779,1007,1786,36,23,4,37,0,0,1,1,0,779,0,611604.0,1,0,0.4444444444444444
6a64969009bf1898bd302e6a9633f71942523f7f,pass context through dispatch methods,David Lord,2025-09-19 23:58:48+00:00,167,72,239,6,23,4,37,1,0,1,1,0,779,0,801.0,1,0,0.8333333333333334
88a65bb374e87a18816a780dbd4ae69d307aa85c,Docs typo/markup fixes (#5829),Hynek Schlawack,2025-10-14 20:26:26+00:00,5,5,10,2,20,1,30,1,0,0,1,1,1,1,2147258.0,0,0,0.0
709f83f6a32da8cdaec196d7b785ab6827322008,pre-commit: Add codespell,Christian Clauss,2025-11-05 17:13:26+00:00,9,0,9,2,17,2,25,0,0,0,1,1,1,1,1889220.0,0,0,0.0
70d04b5a2620705011e65f79ccfd52caa86f5d6a,pass context through dispatch methods (#5818),David Lord,2025-11-17 16:49:53+00:00,167,72,239,6,16,0,45,1,0,1,1,1,779,0,1035387.0,0,0,0.8333333333333334
da6d075dfde71b2e2a64f39b29ba957d5ffb00b0,update dev dependencies,David Lord,2025-11-17 17:43:40+00:00,1040,643,1683,6,17,0,23,0,0,1,1,1,779,0,3227.0,0,1,0.16666666666666666
96a01e420b741c59af59301f15612fde39bfb39d,Merge branch 'stable',David Lord,2025-11-17 17:45:56+00:00,708,546,1254,6,17,0,21,0,0,1,1,1,779,0,136.0,0,0,0.16666666666666666
917000097fc17875104176e2c71318ab25c508c3,test py3.14,David Lord,2025-11-17 18:02:53+00:00,8,6,14,2,18,0,11,0,0,1,1,1,779,0,1017.0,0,0,0.0
218880c7fdedee139ac09caaf93da469b4dba14c,Merge branch 'stable',David Lord,2025-11-17 18:03:42+00:00,8,6,14,2,18,0,21,0,0,1,1,0,779,0,49.0,0,0,0.0
607d1948b8747776f4a45d5b7c7eaeb57b6b9f80,split free threading envs,David Lord,2025-11-17 18:05:39+00:00,4,2,6,1,18,0,25,0,0,0,0,0,779,0,117.0,0,0,0.0
2579ce9f18e67ec3213c6eceb5240310ccd46af8,Merge branch 'stable',David Lord,2025-11-17 18:05:51+00:00,4,2,6,1,18,0,21,0,0,0,0,0,779,0,12.0,0,0,0.0
ad68a12645d96fe51558da13e18544ba458d7af0,drop experimental 3.13t test env,David Lord,2025-11-28 19:05:47+00:00,2,3,5,2,19,4,32,0,0,0,1,0,779,0,953996.0,0,0,0.0
fe3b215d3ade4db68262dae1a3cdc464a1fc524f,"Increase required flit_core version to 3.11

Needed since Flask 3.1.1 after having set the ""license"" keyword to an
SPDX license expression. Avoids this possible build error:

  flit_core.config.ConfigError: license field should be <class 'dict'>, not <class 'str'>

Fixes: 0109e496f (""use uv"").",Markus Heidelberg,2025-12-17 14:44:15+00:00,1,1,2,1,14,2,294,1,0,0,0,0,2,1,1625908.0,0,0,0.0
97bddc1f61a59522386d36ec37b2b220a01de262,update dev dependencies,David Lord,2026-01-05 16:49:46+00:00,372,183,555,7,16,0,23,0,0,1,1,0,779,0,1649131.0,0,1,0.0
3d03098a97ddc6a908aa4a50c2ef7381f8297d0a,"Abort if the instance folder cannot be created

According to the comment, the instance folder should exist in any case.
But a PermissionError was ignored silently.

Since Python 3.9 is the minimum required version, it is safe to use
""exist_ok"" added in Python 3.2 and avoid exception handling.",Markus Heidelberg,2026-01-20 13:16:17+00:00,2,8,10,2,13,1,293,1,0,0,1,0,2,1,1283191.0,0,0,0.5
eca5fd1dfdc614c2df876cc32018a7d71f84ea82,redirect defaults to 303,David Lord,2026-01-25 00:50:54+00:00,14,3,17,4,0,6,24,0,0,1,1,0,779,0,387277.0,1,0,0.5
64dd0809c2fc732ed30539235232a268f9bd96ac,update dev dependencies,David Lord,2026-01-25 01:14:20+00:00,398,276,674,5,1,6,23,0,0,1,1,0,779,0,1406.0,1,1,0.0
eb58d862cc4a8f31a369b6e9ad1724e9e642f13f,Merge branch 'stable',David Lord,2026-01-25 01:15:54+00:00,427,339,766,7,1,6,21,0,0,1,1,0,779,0,94.0,1,0,0.0
809d5a8869d4ffe8656680b2438b10f7c8845613,redirect defaults to 303 (#5898),David Lord,2026-01-25 01:18:35+00:00,14,3,17,4,1,6,32,0,0,1,1,0,779,0,161.0,1,0,0.5
25642fd1fd65985fc98f95e64bc2c7ff353d6c2b,fix annotation for select_jinja_autoescape (#5808),David Lord,2026-01-25 02:25:31+00:00,1,1,2,1,2,6,50,1,0,0,0,0,779,0,4016.0,1,0,1.0
30da640ffe23b6e461fa91d387ffea6b9d9fa847,clarify 415 vs 400 errors for request.json (#5827),ADITYA SAH,2026-01-25 02:46:56+00:00,5,3,8,1,2,6,50,1,0,0,0,1,1,1,1285.0,1,0,0.0
3709c4a9a87e6ce8c26dc4a951e1df52ac9ecad0,"update ruff hook and noqa

co-authored-by: Christian Clauss <cclauss@me.com>",David Lord,2026-01-25 02:58:45+00:00,4,4,8,3,2,6,76,0,0,0,1,1,779,0,709.0,1,0,0.6666666666666666
5559ef42b5334075cbde82b2870ca725ac606fa4,pre-commit: Add codespell (#5844),David Lord,2026-01-25 03:00:23+00:00,13,4,17,4,3,6,33,0,0,1,1,1,779,0,98.0,1,0,0.5
4f79d5b59a56bc4356a97f2e81a35f98cb18d7b3,Increase required flit_core version to 3.11 (#5865),David Lord,2026-01-25 03:04:07+00:00,1,1,2,1,3,6,51,0,0,0,0,1,779,0,224.0,1,0,0.0
5880befcd22490c40f3c63d6178427f7753672c1,Merge branch 'stable',David Lord,2026-01-25 03:05:26+00:00,19,8,27,6,3,6,21,0,0,1,1,1,779,0,79.0,1,1,0.5
9b74a90dd3c47f792734823e8793ac36f38bc4dd,fix codespell findings,David Lord,2026-01-25 03:11:02+00:00,4,5,9,4,3,6,22,1,0,0,1,1,779,0,336.0,1,0,0.0
c77a5203438fe772d41f6a47303ad3f57a4efe6d,deprecate should_ignore_error,David Lord,2026-01-25 03:50:30+00:00,27,9,36,3,3,6,29,1,0,1,1,1,779,0,2368.0,1,0,0.6666666666666666
0292047b22c82921dcf165322d93a0b988328c2e,remove unused ruff check rule,David Lord,2026-01-25 03:52:11+00:00,0,3,3,1,3,6,29,0,0,0,0,1,779,0,101.0,1,0,0.0
4b8bde97d4fa3486e18dce21c3c5f75570d50164,deprecate `should_ignore_error` (#5899),David Lord,2026-01-25 03:53:11+00:00,27,9,36,3,3,6,39,1,0,1,1,1,779,0,60.0,1,0,0.6666666666666666
23df07d799f0bed3feb5beb9e5633651687da92b,Merge branch 'stable',David Lord,2026-01-25 03:55:36+00:00,1,1,2,1,3,6,21,0,0,0,0,1,779,0,145.0,1,0,0.0
ac5664d2281533eacafd64f5cc7d5edcdaccab60,document using gevent for async,David Lord,2026-01-25 18:31:31+00:00,168,142,310,9,18,6,31,0,0,1,1,1,779,0,52555.0,0,1,0.0
407eb76b27884848383a37c7274654f0271e4bc4,document using gevent for async (#5900),David Lord,2026-01-25 18:35:12+00:00,168,142,310,9,18,6,39,0,0,1,1,1,779,0,221.0,0,1,0.0
798e006f435887adceb6aab9b57cde8e20276793,Merge branch 'stable',David Lord,2026-01-25 18:38:42+00:00,168,142,310,9,18,6,21,0,0,1,1,0,779,0,210.0,0,0,0.0
4e652d3f68b90d50aa2301d3b7e68c3fafd9251d,Abort if the instance folder cannot be created (#5903),David Lord,2026-01-28 15:43:00+00:00,2,8,10,2,15,2,54,0,0,0,1,1,779,0,248658.0,0,0,0.5
5e621a2801daf95be6d208da9dcc287bb251f63c,update domain matching tests for Werkzeug 3.2,David Lord,2026-02-03 18:19:45+00:00,69,28,97,3,18,1,45,0,0,1,1,1,779,0,527805.0,0,0,0.3333333333333333
976459f7cb35c8c3abc3a6e6a2728d76d1a0a5f2,fix editable werkzeug,David Lord,2026-02-03 18:20:49+00:00,6,42,48,2,18,1,21,1,0,1,1,1,779,0,64.0,0,0,0.0
663198d7b453ffdbe86d0e0238b1feafde6ce569,update dev dependencies,David Lord,2026-02-03 18:22:19+00:00,114,120,234,5,18,1,23,0,0,1,1,1,779,0,90.0,0,0,0.0
d3b78fd18a8d9e224cb9ef58a23cec9b1ffc9ce9,Merge remote-tracking branch 'origin/stable',David Lord,2026-02-06 21:22:54+00:00,2,8,10,2,21,4,44,0,0,0,1,1,779,0,270035.0,0,0,0.5
e82db2ca3a22c9614c1987392c9cfaa8c6ce99ad,fix provide_automatic_options override,David Lord,2026-02-12 21:03:03+00:00,96,86,182,7,21,3,38,1,0,1,1,1,779,0,517209.0,0,0,0.7142857142857143
12e95c93b488725f80753f34b2e0d24838ca4646,fix provide_automatic_options override (#5917),David Lord,2026-02-12 21:07:50+00:00,96,86,182,7,21,3,46,1,0,1,1,1,779,0,287.0,0,0,0.7142857142857143
d98eb69a354158252854ed4a5c9778e03d089191,revert cli test change,David Lord,2026-02-12 21:11:01+00:00,2,7,9,1,21,3,22,0,0,0,0,1,779,0,191.0,0,0,1.0
27be9338405382445a7cb01151e084559b98d602,start version 3.1.3,David Lord,2026-02-18 22:52:52+00:00,9,3,12,3,22,2,19,0,0,1,1,1,779,0,524511.0,1,0,0.0
c17f379390731543eea33a570a47bd4ef76a54fa,request context tracks session access,David Lord,2026-02-19 03:02:54+00:00,74,53,127,6,3,3,37,0,0,1,1,1,779,0,15002.0,1,0,0.8333333333333334
089cb86dd22bff589a4eafb7ab8e42dc357623b4,"Merge commit from fork

request context tracks session access",David Lord,2026-02-19 03:35:58+00:00,74,53,127,6,3,3,61,0,0,1,1,0,779,0,1984.0,1,0,0.8333333333333334
22d924701a6ae2e4cd01e9a15bbaf3946094af65,release version 3.1.3,David Lord,2026-02-19 03:41:55+00:00,3,3,6,3,3,3,21,0,0,0,1,0,779,0,357.0,1,0,0.0
f00ad424ee3b050d382cc5b4aabb18afbb5e4ae7,release version 3.1.3 (#5924),David Lord,2026-02-19 05:01:53+00:00,3,3,6,3,5,3,29,0,0,0,1,0,779,0,4798.0,1,0,0.0
daca74d93a0edc458e618136de7d14803f06bc28,Merge branch 'stable',David Lord,2026-02-19 05:56:24+00:00,65,48,113,6,5,3,21,0,0,1,1,0,779,0,3271.0,1,0,0.8333333333333334
a411a2434b09d9cbaa4074232b2c247d591bb655,add back opening session on context push,David Lord,2026-02-19 16:35:48+00:00,21,9,30,1,16,3,40,0,0,1,0,0,779,0,38364.0,0,0,1.0
7b0088693ece1bd3a9238a6fdf56ed8df7a4d43b,fix typing,David Lord,2026-02-19 16:42:33+00:00,2,2,4,1,16,3,10,1,0,0,0,0,779,0,405.0,0,0,1.0
fbb6f0bc4c60a0bada0e03c3480d0ccf30a3c1df,all teardown callbacks are called despite errors,David Lord,2026-02-20 03:41:50+00:00,194,80,274,10,3,4,48,1,0,1,1,1,779,0,39557.0,1,1,0.8
c34d6e81fd8e405e6d4178bf24b364918811ef17,all teardown callbacks are called despite errors (#5928),David Lord,2026-02-20 04:00:34+00:00,194,80,274,10,4,4,56,1,0,1,1,1,779,0,1124.0,1,0,0.8
a29f88ce6f2f9843bd6fcbbfce1390a2071965d6,document that headers must be set before streaming,David Lord,2026-03-04 15:36:09+00:00,55,8,63,4,15,2,50,0,0,1,1,1,779,0,1078535.0,0,0,0.5
3a9d54f3da1de540adfdf6f1e2dea6fc0006e15d,Merge branch 'stable',David Lord,2026-03-04 15:36:21+00:00,35,2,37,3,15,2,21,0,0,1,1,1,779,0,12.0,0,0,0.3333333333333333
560c119e3dc33b35b9c57172fae521d99c2a1421,add zizmor to scan workflows,David Lord,2026-03-08 23:05:00+00:00,51,9,60,5,23,6,28,0,0,1,1,1,779,0,372519.0,1,0,0.0
4774385abdc04d3b0d02dcbed6543bc100f23f6e,add zizmor to scan workflows (#5945),David Lord,2026-03-08 23:15:00+00:00,51,9,60,5,23,6,36,0,0,1,1,0,779,0,600.0,1,0,0.0
a197702e2cbcdd43c0d09296b3cea02efe16e407,update dev dependencies,David Lord,2026-03-08 23:20:07+00:00,617,495,1112,6,23,6,23,0,0,1,1,0,779,0,307.0,1,1,0.0
4cae5d8e411b1e69949d8fae669afeacbd3e5908,Merge branch 'stable',David Lord,2026-03-08 23:21:50+00:00,457,379,836,7,23,6,21,0,0,1,1,0,779,0,103.0,1,0,0.0
91c6b3fecf36b1f04554e57cc4060ccb737a445d,remove unicode host test,David Lord,2026-03-24 13:47:30+00:00,0,21,21,1,13,1,24,0,0,1,0,0,779,0,1347940.0,0,0,1.0
7ef2946fb5151b745df30201b8c27790cac53875,remove unicode host test (#5962),David Lord,2026-03-24 13:55:57+00:00,0,21,21,1,13,1,32,0,0,1,0,0,779,0,507.0,0,0,1.0
83dbcb222a65a87741c9d96bb183f34528149269,update dev dependencies,David Lord,2026-04-03 22:59:16+00:00,460,329,789,6,22,4,23,0,0,1,1,0,779,0,896599.0,1,0,0.0
b21425d6df207fec0c47e9563faa10a2819984ca,reduce venv size,David Lord,2026-04-05 18:13:13+00:00,3,3,6,2,18,6,16,0,0,0,1,0,779,0,155637.0,0,0,0.0
e4e4bf6543ac1f132afddb1ffd0bf02bea4c93f7,Merge branch 'stable',David Lord,2026-04-05 18:24:48+00:00,350,320,670,6,18,6,21,0,0,1,1,0,779,0,695.0,0,1,0.0
a31e6b73469cb2bf7eb8f70b5ff21f710fd2e23c,remove werkzeug host tests,David Lord,2026-04-05 19:31:01+00:00,0,48,48,1,19,6,26,0,0,1,0,0,779,0,3973.0,0,0,1.0
258d68b6ff5e2244386540f48b48bab90d6ab827,Merge branch 'stable',David Lord,2026-04-05 19:32:14+00:00,0,28,28,1,19,6,21,0,0,1,0,0,779,0,73.0,0,0,1.0
689362089edd09b6d68f7cfe99075e1345e0fede,fix typo,David Lord,2026-04-09 04:01:29+00:00,1,1,2,1,4,3,8,1,0,0,0,0,779,0,289755.0,1,0,0.0
2ac89889f4cc330eabd50f295dcef02828522c69,Merge branch 'stable',David Lord,2026-04-09 04:04:03+00:00,1,1,2,1,4,3,21,0,0,0,0,1,779,0,154.0,1,0,0.0
