Model	Accuracy	Precision	Recall	F1 Score	ROC-AUC
XGBoost	0.783333333333333	0.736842105263158	0.636363636363636	0.682926829268293	0.818181818181818
Random Forest	0.733333333333333	0.666666666666667	0.545454545454545	0.6	0.764952153110048
Gradient Boosting	0.7	0.6	0.545454545454545	0.571428571428571	0.740430622009569
Logistic Regression	0.533333333333333	0.4	0.545454545454545	0.461538461538462	0.619617224880383
