Model,Accuracy,Precision,Recall,F1 Score,ROC-AUC
Random Forest,0.6833333333333333,0.7647058823529411,0.4642857142857143,0.5777777777777777,0.6796875
XGBoost,0.6,0.5769230769230769,0.5357142857142857,0.5555555555555556,0.6584821428571428
Logistic Regression,0.5833333333333334,0.56,0.5,0.5283018867924528,0.5803571428571429
Gradient Boosting,0.5833333333333334,0.5714285714285714,0.42857142857142855,0.4897959183673469,0.5853794642857142
