Model,Accuracy,Precision,Recall,F1 Score,ROC-AUC
XGBoost,0.7833333333333333,0.7368421052631579,0.6363636363636364,0.6829268292682927,0.8181818181818181
Random Forest,0.7333333333333333,0.6666666666666666,0.5454545454545454,0.6,0.7649521531100478
Gradient Boosting,0.7,0.6,0.5454545454545454,0.5714285714285714,0.7404306220095693
Logistic Regression,0.5333333333333333,0.4,0.5454545454545454,0.46153846153846156,0.6196172248803828
